id,category,priority,tone,state,domain,format,text,filename,file,tags
fb-correct-first-try-001,feedback.correct,must_have,warm,first_try,any,,"Yes, first try. You saw it quickly.",fb-correct-first-try-001.mp3,future/feedback/correct/fb-correct-first-try-001.mp3,correct|first_try
fb-correct-first-try-002,feedback.correct,must_have,warm,first_try,any,,That clicked right away. Nice thinking.,fb-correct-first-try-002.mp3,future/feedback/correct/fb-correct-first-try-002.mp3,correct|first_try
fb-correct-first-try-003,feedback.correct,must_have,warm,first_try,any,,You matched the answer on the first try.,fb-correct-first-try-003.mp3,future/feedback/correct/fb-correct-first-try-003.mp3,correct|first_try
fb-correct-first-try-004,feedback.correct,must_have,warm,first_try,any,,Clean solve. You knew what to look for.,fb-correct-first-try-004.mp3,future/feedback/correct/fb-correct-first-try-004.mp3,correct|first_try
fb-correct-first-try-005,feedback.correct,must_have,warm,first_try,any,,That was careful and quick.,fb-correct-first-try-005.mp3,future/feedback/correct/fb-correct-first-try-005.mp3,correct|first_try
fb-correct-first-try-006,feedback.correct,must_have,warm,first_try,any,,You found the important clue.,fb-correct-first-try-006.mp3,future/feedback/correct/fb-correct-first-try-006.mp3,correct|first_try
fb-correct-first-try-007,feedback.correct,must_have,warm,first_try,any,,Nice work. Your strategy was ready.,fb-correct-first-try-007.mp3,future/feedback/correct/fb-correct-first-try-007.mp3,correct|first_try
fb-correct-first-try-008,feedback.correct,must_have,warm,first_try,any,,That answer fits perfectly.,fb-correct-first-try-008.mp3,future/feedback/correct/fb-correct-first-try-008.mp3,correct|first_try
fb-correct-first-try-009,feedback.correct,must_have,warm,first_try,any,,You solved it without needing a hint.,fb-correct-first-try-009.mp3,future/feedback/correct/fb-correct-first-try-009.mp3,correct|first_try
fb-correct-first-try-010,feedback.correct,must_have,warm,first_try,any,,Great start. Keep that focus.,fb-correct-first-try-010.mp3,future/feedback/correct/fb-correct-first-try-010.mp3,correct|first_try
fb-correct-first-try-011,feedback.correct,must_have,warm,first_try,any,,You noticed the answer right away.,fb-correct-first-try-011.mp3,future/feedback/correct/fb-correct-first-try-011.mp3,correct|first_try
fb-correct-first-try-012,feedback.correct,must_have,warm,first_try,any,,That was a confident first choice.,fb-correct-first-try-012.mp3,future/feedback/correct/fb-correct-first-try-012.mp3,correct|first_try
fb-correct-first-try-013,feedback.correct,must_have,warm,first_try,any,,Sharp thinking on the first pass.,fb-correct-first-try-013.mp3,future/feedback/correct/fb-correct-first-try-013.mp3,correct|first_try
fb-correct-first-try-014,feedback.correct,must_have,warm,first_try,any,,You read the problem and solved it.,fb-correct-first-try-014.mp3,future/feedback/correct/fb-correct-first-try-014.mp3,correct|first_try
fb-correct-first-try-015,feedback.correct,must_have,warm,first_try,any,,Your first idea was the right one.,fb-correct-first-try-015.mp3,future/feedback/correct/fb-correct-first-try-015.mp3,correct|first_try
fb-correct-first-try-016,feedback.correct,must_have,warm,first_try,any,,That was a strong first try.,fb-correct-first-try-016.mp3,future/feedback/correct/fb-correct-first-try-016.mp3,correct|first_try
fb-correct-first-try-017,feedback.correct,must_have,warm,first_try,any,,You checked the helper and chose well.,fb-correct-first-try-017.mp3,future/feedback/correct/fb-correct-first-try-017.mp3,correct|first_try
fb-correct-first-try-018,feedback.correct,must_have,warm,first_try,any,,Excellent first-step thinking.,fb-correct-first-try-018.mp3,future/feedback/correct/fb-correct-first-try-018.mp3,correct|first_try
fb-correct-after-retry-001,feedback.correct,must_have,warm,after_retry,any,,Nice fix. You changed your thinking and got it.,fb-correct-after-retry-001.mp3,future/feedback/correct/fb-correct-after-retry-001.mp3,correct|after_retry
fb-correct-after-retry-002,feedback.correct,must_have,warm,after_retry,any,,"That is how learning works. Try, adjust, solve.",fb-correct-after-retry-002.mp3,future/feedback/correct/fb-correct-after-retry-002.mp3,correct|after_retry
fb-correct-after-retry-003,feedback.correct,must_have,warm,after_retry,any,,You checked it again and found the answer.,fb-correct-after-retry-003.mp3,future/feedback/correct/fb-correct-after-retry-003.mp3,correct|after_retry
fb-correct-after-retry-004,feedback.correct,must_have,warm,after_retry,any,,Good comeback. You stayed with the problem.,fb-correct-after-retry-004.mp3,future/feedback/correct/fb-correct-after-retry-004.mp3,correct|after_retry
fb-correct-after-retry-005,feedback.correct,must_have,warm,after_retry,any,,You used the mistake to find the right path.,fb-correct-after-retry-005.mp3,future/feedback/correct/fb-correct-after-retry-005.mp3,correct|after_retry
fb-correct-after-retry-006,feedback.correct,must_have,warm,after_retry,any,,That second look helped.,fb-correct-after-retry-006.mp3,future/feedback/correct/fb-correct-after-retry-006.mp3,correct|after_retry
fb-correct-after-retry-007,feedback.correct,must_have,warm,after_retry,any,,You corrected the tricky part.,fb-correct-after-retry-007.mp3,future/feedback/correct/fb-correct-after-retry-007.mp3,correct|after_retry
fb-correct-after-retry-008,feedback.correct,must_have,warm,after_retry,any,,You kept going and solved it.,fb-correct-after-retry-008.mp3,future/feedback/correct/fb-correct-after-retry-008.mp3,correct|after_retry
fb-correct-after-retry-009,feedback.correct,must_have,warm,after_retry,any,,Strong persistence. That answer is right.,fb-correct-after-retry-009.mp3,future/feedback/correct/fb-correct-after-retry-009.mp3,correct|after_retry
fb-correct-after-retry-010,feedback.correct,must_have,warm,after_retry,any,,You made a smart adjustment.,fb-correct-after-retry-010.mp3,future/feedback/correct/fb-correct-after-retry-010.mp3,correct|after_retry
fb-correct-after-retry-011,feedback.correct,must_have,warm,after_retry,any,,Nice recovery. You did not stop at the first try.,fb-correct-after-retry-011.mp3,future/feedback/correct/fb-correct-after-retry-011.mp3,correct|after_retry
fb-correct-after-retry-012,feedback.correct,must_have,warm,after_retry,any,,That revision worked.,fb-correct-after-retry-012.mp3,future/feedback/correct/fb-correct-after-retry-012.mp3,correct|after_retry
fb-correct-after-retry-013,feedback.correct,must_have,warm,after_retry,any,,You listened to the clue and fixed it.,fb-correct-after-retry-013.mp3,future/feedback/correct/fb-correct-after-retry-013.mp3,correct|after_retry
fb-correct-after-retry-014,feedback.correct,must_have,warm,after_retry,any,,Great job checking your answer again.,fb-correct-after-retry-014.mp3,future/feedback/correct/fb-correct-after-retry-014.mp3,correct|after_retry
fb-correct-after-retry-015,feedback.correct,must_have,warm,after_retry,any,,That was flexible math thinking.,fb-correct-after-retry-015.mp3,future/feedback/correct/fb-correct-after-retry-015.mp3,correct|after_retry
fb-correct-after-retry-016,feedback.correct,must_have,warm,after_retry,any,,You learned from the first attempt.,fb-correct-after-retry-016.mp3,future/feedback/correct/fb-correct-after-retry-016.mp3,correct|after_retry
fb-correct-after-retry-017,feedback.correct,must_have,warm,after_retry,any,,You found the better strategy.,fb-correct-after-retry-017.mp3,future/feedback/correct/fb-correct-after-retry-017.mp3,correct|after_retry
fb-correct-after-retry-018,feedback.correct,must_have,warm,after_retry,any,,That answer is right after careful work.,fb-correct-after-retry-018.mp3,future/feedback/correct/fb-correct-after-retry-018.mp3,correct|after_retry
fb-correct-after-hint-001,feedback.correct,must_have,warm,after_hint,any,,That hint helped you spot the clue.,fb-correct-after-hint-001.mp3,future/feedback/correct/fb-correct-after-hint-001.mp3,correct|after_hint
fb-correct-after-hint-002,feedback.correct,must_have,warm,after_hint,any,,Nice use of the hint. You did the thinking.,fb-correct-after-hint-002.mp3,future/feedback/correct/fb-correct-after-hint-002.mp3,correct|after_hint
fb-correct-after-hint-003,feedback.correct,must_have,warm,after_hint,any,,You followed the strategy and got it.,fb-correct-after-hint-003.mp3,future/feedback/correct/fb-correct-after-hint-003.mp3,correct|after_hint
fb-correct-after-hint-004,feedback.correct,must_have,warm,after_hint,any,,Good job turning the hint into an answer.,fb-correct-after-hint-004.mp3,future/feedback/correct/fb-correct-after-hint-004.mp3,correct|after_hint
fb-correct-after-hint-005,feedback.correct,must_have,warm,after_hint,any,,"The helper gave you a start, and you finished it.",fb-correct-after-hint-005.mp3,future/feedback/correct/fb-correct-after-hint-005.mp3,correct|after_hint
fb-correct-after-hint-006,feedback.correct,must_have,warm,after_hint,any,,That is a strong way to use support.,fb-correct-after-hint-006.mp3,future/feedback/correct/fb-correct-after-hint-006.mp3,correct|after_hint
fb-correct-after-hint-007,feedback.correct,must_have,warm,after_hint,any,,You checked the visual and chose well.,fb-correct-after-hint-007.mp3,future/feedback/correct/fb-correct-after-hint-007.mp3,correct|after_hint
fb-correct-after-hint-008,feedback.correct,must_have,warm,after_hint,any,,"Nice. The hint pointed the way, and you solved it.",fb-correct-after-hint-008.mp3,future/feedback/correct/fb-correct-after-hint-008.mp3,correct|after_hint
fb-correct-after-hint-009,feedback.correct,must_have,warm,after_hint,any,,You used the step carefully.,fb-correct-after-hint-009.mp3,future/feedback/correct/fb-correct-after-hint-009.mp3,correct|after_hint
fb-correct-after-hint-010,feedback.correct,must_have,warm,after_hint,any,,Great learning moment.,fb-correct-after-hint-010.mp3,future/feedback/correct/fb-correct-after-hint-010.mp3,correct|after_hint
fb-correct-after-hint-011,feedback.correct,must_have,warm,after_hint,any,,You used the clue without guessing.,fb-correct-after-hint-011.mp3,future/feedback/correct/fb-correct-after-hint-011.mp3,correct|after_hint
fb-correct-after-hint-012,feedback.correct,must_have,warm,after_hint,any,,That hint unlocked the problem.,fb-correct-after-hint-012.mp3,future/feedback/correct/fb-correct-after-hint-012.mp3,correct|after_hint
fb-correct-after-hint-013,feedback.correct,must_have,warm,after_hint,any,,You made the helper work for you.,fb-correct-after-hint-013.mp3,future/feedback/correct/fb-correct-after-hint-013.mp3,correct|after_hint
fb-correct-after-hint-014,feedback.correct,must_have,warm,after_hint,any,,Nice job connecting the hint to the answer.,fb-correct-after-hint-014.mp3,future/feedback/correct/fb-correct-after-hint-014.mp3,correct|after_hint
fb-correct-after-hint-015,feedback.correct,must_have,warm,after_hint,any,,You saw what the hint was showing.,fb-correct-after-hint-015.mp3,future/feedback/correct/fb-correct-after-hint-015.mp3,correct|after_hint
fb-correct-after-hint-016,feedback.correct,must_have,warm,after_hint,any,,Good strategy use.,fb-correct-after-hint-016.mp3,future/feedback/correct/fb-correct-after-hint-016.mp3,correct|after_hint
fb-correct-after-hint-017,feedback.correct,must_have,warm,after_hint,any,,That support helped you finish strong.,fb-correct-after-hint-017.mp3,future/feedback/correct/fb-correct-after-hint-017.mp3,correct|after_hint
fb-correct-after-hint-018,feedback.correct,must_have,warm,after_hint,any,,You turned a clue into a solution.,fb-correct-after-hint-018.mp3,future/feedback/correct/fb-correct-after-hint-018.mp3,correct|after_hint
fb-correct-streak-001,feedback.correct,must_have,warm,streak,any,,That is a streak of strong thinking.,fb-correct-streak-001.mp3,future/feedback/correct/fb-correct-streak-001.mp3,correct|streak
fb-correct-streak-002,feedback.correct,must_have,warm,streak,any,,You are building momentum.,fb-correct-streak-002.mp3,future/feedback/correct/fb-correct-streak-002.mp3,correct|streak
fb-correct-streak-003,feedback.correct,must_have,warm,streak,any,,Another careful solve.,fb-correct-streak-003.mp3,future/feedback/correct/fb-correct-streak-003.mp3,correct|streak
fb-correct-streak-004,feedback.correct,must_have,warm,streak,any,,Your focus is adding up.,fb-correct-streak-004.mp3,future/feedback/correct/fb-correct-streak-004.mp3,correct|streak
fb-correct-streak-005,feedback.correct,must_have,warm,streak,any,,You are on a roll with smart choices.,fb-correct-streak-005.mp3,future/feedback/correct/fb-correct-streak-005.mp3,correct|streak
fb-correct-streak-006,feedback.correct,must_have,warm,streak,any,,That is steady math power.,fb-correct-streak-006.mp3,future/feedback/correct/fb-correct-streak-006.mp3,correct|streak
fb-correct-streak-007,feedback.correct,must_have,warm,streak,any,,You keep finding the important clue.,fb-correct-streak-007.mp3,future/feedback/correct/fb-correct-streak-007.mp3,correct|streak
fb-correct-streak-008,feedback.correct,must_have,warm,streak,any,,Nice streak. Stay careful.,fb-correct-streak-008.mp3,future/feedback/correct/fb-correct-streak-008.mp3,correct|streak
fb-correct-streak-009,feedback.correct,must_have,warm,streak,any,,You are solving with rhythm.,fb-correct-streak-009.mp3,future/feedback/correct/fb-correct-streak-009.mp3,correct|streak
fb-correct-streak-010,feedback.correct,must_have,warm,streak,any,,That is another one done well.,fb-correct-streak-010.mp3,future/feedback/correct/fb-correct-streak-010.mp3,correct|streak
fb-correct-streak-011,feedback.correct,must_have,warm,streak,any,,Your strategy is working again.,fb-correct-streak-011.mp3,future/feedback/correct/fb-correct-streak-011.mp3,correct|streak
fb-correct-streak-012,feedback.correct,must_have,warm,streak,any,,Keep that thoughtful pace.,fb-correct-streak-012.mp3,future/feedback/correct/fb-correct-streak-012.mp3,correct|streak
fb-correct-streak-013,feedback.correct,must_have,warm,streak,any,,You are making this look smooth.,fb-correct-streak-013.mp3,future/feedback/correct/fb-correct-streak-013.mp3,correct|streak
fb-correct-streak-014,feedback.correct,must_have,warm,streak,any,,Great run of answers.,fb-correct-streak-014.mp3,future/feedback/correct/fb-correct-streak-014.mp3,correct|streak
fb-correct-streak-015,feedback.correct,must_have,warm,streak,any,,You are stacking good thinking.,fb-correct-streak-015.mp3,future/feedback/correct/fb-correct-streak-015.mp3,correct|streak
fb-correct-streak-016,feedback.correct,must_have,warm,streak,any,,That streak came from focus.,fb-correct-streak-016.mp3,future/feedback/correct/fb-correct-streak-016.mp3,correct|streak
fb-correct-streak-017,feedback.correct,must_have,warm,streak,any,,You are moving through these with care.,fb-correct-streak-017.mp3,future/feedback/correct/fb-correct-streak-017.mp3,correct|streak
fb-correct-streak-018,feedback.correct,must_have,warm,streak,any,,Another correct answer for the trail.,fb-correct-streak-018.mp3,future/feedback/correct/fb-correct-streak-018.mp3,correct|streak
fb-correct-review-correct-001,feedback.correct,must_have,warm,review_correct,any,,Nice review. Your brain remembered this.,fb-correct-review-correct-001.mp3,future/feedback/correct/fb-correct-review-correct-001.mp3,correct|review_correct
fb-correct-review-correct-002,feedback.correct,must_have,warm,review_correct,any,,That old skill is still strong.,fb-correct-review-correct-002.mp3,future/feedback/correct/fb-correct-review-correct-002.mp3,correct|review_correct
fb-correct-review-correct-003,feedback.correct,must_have,warm,review_correct,any,,Good retrieval. You brought the strategy back.,fb-correct-review-correct-003.mp3,future/feedback/correct/fb-correct-review-correct-003.mp3,correct|review_correct
fb-correct-review-correct-004,feedback.correct,must_have,warm,review_correct,any,,Review win. You kept that idea fresh.,fb-correct-review-correct-004.mp3,future/feedback/correct/fb-correct-review-correct-004.mp3,correct|review_correct
fb-correct-review-correct-005,feedback.correct,must_have,warm,review_correct,any,,You remembered what to do.,fb-correct-review-correct-005.mp3,future/feedback/correct/fb-correct-review-correct-005.mp3,correct|review_correct
fb-correct-review-correct-006,feedback.correct,must_have,warm,review_correct,any,,That skill is staying with you.,fb-correct-review-correct-006.mp3,future/feedback/correct/fb-correct-review-correct-006.mp3,correct|review_correct
fb-correct-review-correct-007,feedback.correct,must_have,warm,review_correct,any,,Nice job on the review question.,fb-correct-review-correct-007.mp3,future/feedback/correct/fb-correct-review-correct-007.mp3,correct|review_correct
fb-correct-review-correct-008,feedback.correct,must_have,warm,review_correct,any,,You pulled that from memory.,fb-correct-review-correct-008.mp3,future/feedback/correct/fb-correct-review-correct-008.mp3,correct|review_correct
fb-correct-review-correct-009,feedback.correct,must_have,warm,review_correct,any,,That review answer is correct.,fb-correct-review-correct-009.mp3,future/feedback/correct/fb-correct-review-correct-009.mp3,correct|review_correct
fb-correct-review-correct-010,feedback.correct,must_have,warm,review_correct,any,,You kept the earlier skill alive.,fb-correct-review-correct-010.mp3,future/feedback/correct/fb-correct-review-correct-010.mp3,correct|review_correct
fb-retry-first-miss-001,feedback.retry,must_have,warm,first_miss,any,,Not quite yet. Take another look.,fb-retry-first-miss-001.mp3,future/feedback/retry/fb-retry-first-miss-001.mp3,retry|first_miss
fb-retry-first-miss-002,feedback.retry,must_have,warm,first_miss,any,,Close thinking. Check one part again.,fb-retry-first-miss-002.mp3,future/feedback/retry/fb-retry-first-miss-002.mp3,retry|first_miss
fb-retry-first-miss-003,feedback.retry,must_have,warm,first_miss,any,,Good try. There is one clue to revisit.,fb-retry-first-miss-003.mp3,future/feedback/retry/fb-retry-first-miss-003.mp3,retry|first_miss
fb-retry-first-miss-004,feedback.retry,must_have,warm,first_miss,any,,Almost. Slow down and test it.,fb-retry-first-miss-004.mp3,future/feedback/retry/fb-retry-first-miss-004.mp3,retry|first_miss
fb-retry-first-miss-005,feedback.retry,must_have,warm,first_miss,any,,You are near it. Try one more time.,fb-retry-first-miss-005.mp3,future/feedback/retry/fb-retry-first-miss-005.mp3,retry|first_miss
fb-retry-first-miss-006,feedback.retry,must_have,warm,first_miss,any,,That answer does not fit yet.,fb-retry-first-miss-006.mp3,future/feedback/retry/fb-retry-first-miss-006.mp3,retry|first_miss
fb-retry-first-miss-007,feedback.retry,must_have,warm,first_miss,any,,Pause and compare before you tap.,fb-retry-first-miss-007.mp3,future/feedback/retry/fb-retry-first-miss-007.mp3,retry|first_miss
fb-retry-first-miss-008,feedback.retry,must_have,warm,first_miss,any,,Look back at the picture.,fb-retry-first-miss-008.mp3,future/feedback/retry/fb-retry-first-miss-008.mp3,retry|first_miss
fb-retry-first-miss-009,feedback.retry,must_have,warm,first_miss,any,,Check the numbers one more time.,fb-retry-first-miss-009.mp3,future/feedback/retry/fb-retry-first-miss-009.mp3,retry|first_miss
fb-retry-first-miss-010,feedback.retry,must_have,warm,first_miss,any,,Try a different strategy.,fb-retry-first-miss-010.mp3,future/feedback/retry/fb-retry-first-miss-010.mp3,retry|first_miss
fb-retry-first-miss-011,feedback.retry,must_have,warm,first_miss,any,,Good effort. The next look matters.,fb-retry-first-miss-011.mp3,future/feedback/retry/fb-retry-first-miss-011.mp3,retry|first_miss
fb-retry-first-miss-012,feedback.retry,must_have,warm,first_miss,any,,Not yet. Search for the clue.,fb-retry-first-miss-012.mp3,future/feedback/retry/fb-retry-first-miss-012.mp3,retry|first_miss
fb-retry-first-miss-013,feedback.retry,must_have,warm,first_miss,any,,You can adjust one part.,fb-retry-first-miss-013.mp3,future/feedback/retry/fb-retry-first-miss-013.mp3,retry|first_miss
fb-retry-first-miss-014,feedback.retry,must_have,warm,first_miss,any,,Take a breath and check again.,fb-retry-first-miss-014.mp3,future/feedback/retry/fb-retry-first-miss-014.mp3,retry|first_miss
fb-retry-first-miss-015,feedback.retry,must_have,warm,first_miss,any,,This is a good time to slow down.,fb-retry-first-miss-015.mp3,future/feedback/retry/fb-retry-first-miss-015.mp3,retry|first_miss
fb-retry-first-miss-016,feedback.retry,must_have,warm,first_miss,any,,"The answer is close, but not that one.",fb-retry-first-miss-016.mp3,future/feedback/retry/fb-retry-first-miss-016.mp3,retry|first_miss
fb-retry-first-miss-017,feedback.retry,must_have,warm,first_miss,any,,Look at the visual before choosing again.,fb-retry-first-miss-017.mp3,future/feedback/retry/fb-retry-first-miss-017.mp3,retry|first_miss
fb-retry-first-miss-018,feedback.retry,must_have,warm,first_miss,any,,Try naming what you see first.,fb-retry-first-miss-018.mp3,future/feedback/retry/fb-retry-first-miss-018.mp3,retry|first_miss
fb-retry-repeated-miss-001,feedback.retry,must_have,warm,repeated_miss,any,,Let's use a hint before the next try.,fb-retry-repeated-miss-001.mp3,future/feedback/retry/fb-retry-repeated-miss-001.mp3,retry|repeated_miss
fb-retry-repeated-miss-002,feedback.retry,must_have,warm,repeated_miss,any,,This one is being tricky. We can break it into steps.,fb-retry-repeated-miss-002.mp3,future/feedback/retry/fb-retry-repeated-miss-002.mp3,retry|repeated_miss
fb-retry-repeated-miss-003,feedback.retry,must_have,warm,repeated_miss,any,,Pause with me. What do we know first?,fb-retry-repeated-miss-003.mp3,future/feedback/retry/fb-retry-repeated-miss-003.mp3,retry|repeated_miss
fb-retry-repeated-miss-004,feedback.retry,must_have,warm,repeated_miss,any,,Let's find the first clue together.,fb-retry-repeated-miss-004.mp3,future/feedback/retry/fb-retry-repeated-miss-004.mp3,retry|repeated_miss
fb-retry-repeated-miss-005,feedback.retry,must_have,warm,repeated_miss,any,,You do not have to guess. Use the visual helper.,fb-retry-repeated-miss-005.mp3,future/feedback/retry/fb-retry-repeated-miss-005.mp3,retry|repeated_miss
fb-retry-repeated-miss-006,feedback.retry,must_have,warm,repeated_miss,any,,Let's slow this one down.,fb-retry-repeated-miss-006.mp3,future/feedback/retry/fb-retry-repeated-miss-006.mp3,retry|repeated_miss
fb-retry-repeated-miss-007,feedback.retry,must_have,warm,repeated_miss,any,,Try naming the parts before choosing.,fb-retry-repeated-miss-007.mp3,future/feedback/retry/fb-retry-repeated-miss-007.mp3,retry|repeated_miss
fb-retry-repeated-miss-008,feedback.retry,must_have,warm,repeated_miss,any,,A smaller step will help here.,fb-retry-repeated-miss-008.mp3,future/feedback/retry/fb-retry-repeated-miss-008.mp3,retry|repeated_miss
fb-retry-repeated-miss-009,feedback.retry,must_have,warm,repeated_miss,any,,Let's check the picture and the answer choices.,fb-retry-repeated-miss-009.mp3,future/feedback/retry/fb-retry-repeated-miss-009.mp3,retry|repeated_miss
fb-retry-repeated-miss-010,feedback.retry,must_have,warm,repeated_miss,any,,We can solve this one piece at a time.,fb-retry-repeated-miss-010.mp3,future/feedback/retry/fb-retry-repeated-miss-010.mp3,retry|repeated_miss
fb-retry-repeated-miss-011,feedback.retry,must_have,warm,repeated_miss,any,,This problem needs a helper step.,fb-retry-repeated-miss-011.mp3,future/feedback/retry/fb-retry-repeated-miss-011.mp3,retry|repeated_miss
fb-retry-repeated-miss-012,feedback.retry,must_have,warm,repeated_miss,any,,Let's switch strategies.,fb-retry-repeated-miss-012.mp3,future/feedback/retry/fb-retry-repeated-miss-012.mp3,retry|repeated_miss
fb-retry-repeated-miss-013,feedback.retry,must_have,warm,repeated_miss,any,,The visual can show the answer.,fb-retry-repeated-miss-013.mp3,future/feedback/retry/fb-retry-repeated-miss-013.mp3,retry|repeated_miss
fb-retry-repeated-miss-014,feedback.retry,must_have,warm,repeated_miss,any,,"Try the hint, then choose again.",fb-retry-repeated-miss-014.mp3,future/feedback/retry/fb-retry-repeated-miss-014.mp3,retry|repeated_miss
fb-retry-repeated-miss-015,feedback.retry,must_have,warm,repeated_miss,any,,Let's look for what changed.,fb-retry-repeated-miss-015.mp3,future/feedback/retry/fb-retry-repeated-miss-015.mp3,retry|repeated_miss
fb-retry-repeated-miss-016,feedback.retry,must_have,warm,repeated_miss,any,,"This is a learning moment, not a stopping point.",fb-retry-repeated-miss-016.mp3,future/feedback/retry/fb-retry-repeated-miss-016.mp3,retry|repeated_miss
fb-retry-repeated-miss-017,feedback.retry,must_have,warm,repeated_miss,any,,We can make this easier to see.,fb-retry-repeated-miss-017.mp3,future/feedback/retry/fb-retry-repeated-miss-017.mp3,retry|repeated_miss
fb-retry-repeated-miss-018,feedback.retry,must_have,warm,repeated_miss,any,,Let's solve the first part together.,fb-retry-repeated-miss-018.mp3,future/feedback/retry/fb-retry-repeated-miss-018.mp3,retry|repeated_miss
fb-retry-idk-001,feedback.retry,must_have,warm,idk,any,,Good choice asking for help.,fb-retry-idk-001.mp3,future/feedback/retry/fb-retry-idk-001.mp3,retry|idk
fb-retry-idk-002,feedback.retry,must_have,warm,idk,any,,It is smart to use a hint when you need one.,fb-retry-idk-002.mp3,future/feedback/retry/fb-retry-idk-002.mp3,retry|idk
fb-retry-idk-003,feedback.retry,must_have,warm,idk,any,,Let's make the problem easier.,fb-retry-idk-003.mp3,future/feedback/retry/fb-retry-idk-003.mp3,retry|idk
fb-retry-idk-004,feedback.retry,must_have,warm,idk,any,,You asked for support. That is learning.,fb-retry-idk-004.mp3,future/feedback/retry/fb-retry-idk-004.mp3,retry|idk
fb-retry-idk-005,feedback.retry,must_have,warm,idk,any,,We can start with one small clue.,fb-retry-idk-005.mp3,future/feedback/retry/fb-retry-idk-005.mp3,retry|idk
fb-retry-idk-006,feedback.retry,must_have,warm,idk,any,,Let's look at the visual together.,fb-retry-idk-006.mp3,future/feedback/retry/fb-retry-idk-006.mp3,retry|idk
fb-retry-idk-007,feedback.retry,must_have,warm,idk,any,,No guessing needed. We can use a strategy.,fb-retry-idk-007.mp3,future/feedback/retry/fb-retry-idk-007.mp3,retry|idk
fb-retry-idk-008,feedback.retry,must_have,warm,idk,any,,A hint can help you see the first step.,fb-retry-idk-008.mp3,future/feedback/retry/fb-retry-idk-008.mp3,retry|idk
fb-retry-idk-009,feedback.retry,must_have,warm,idk,any,,Let's find what the problem is asking.,fb-retry-idk-009.mp3,future/feedback/retry/fb-retry-idk-009.mp3,retry|idk
fb-retry-idk-010,feedback.retry,must_have,warm,idk,any,,Good pause. Now let's choose a helper.,fb-retry-idk-010.mp3,future/feedback/retry/fb-retry-idk-010.mp3,retry|idk
fb-hint-intro-001,feedback.hint,must_have,warm,intro,any,,Here is a small clue.,fb-hint-intro-001.mp3,future/feedback/hint/fb-hint-intro-001.mp3,hint|intro
fb-hint-intro-002,feedback.hint,must_have,warm,intro,any,,Let's make the problem easier to see.,fb-hint-intro-002.mp3,future/feedback/hint/fb-hint-intro-002.mp3,hint|intro
fb-hint-intro-003,feedback.hint,must_have,warm,intro,any,,Try this helper.,fb-hint-intro-003.mp3,future/feedback/hint/fb-hint-intro-003.mp3,hint|intro
fb-hint-intro-004,feedback.hint,must_have,warm,intro,any,,Look at it this way.,fb-hint-intro-004.mp3,future/feedback/hint/fb-hint-intro-004.mp3,hint|intro
fb-hint-intro-005,feedback.hint,must_have,warm,intro,any,,I will show one step.,fb-hint-intro-005.mp3,future/feedback/hint/fb-hint-intro-005.mp3,hint|intro
fb-hint-intro-006,feedback.hint,must_have,warm,intro,any,,Let's use the picture.,fb-hint-intro-006.mp3,future/feedback/hint/fb-hint-intro-006.mp3,hint|intro
fb-hint-intro-007,feedback.hint,must_have,warm,intro,any,,Here comes a strategy clue.,fb-hint-intro-007.mp3,future/feedback/hint/fb-hint-intro-007.mp3,hint|intro
fb-hint-intro-008,feedback.hint,must_have,warm,intro,any,,This hint can help you check.,fb-hint-intro-008.mp3,future/feedback/hint/fb-hint-intro-008.mp3,hint|intro
fb-hint-intro-009,feedback.hint,must_have,warm,intro,any,,Try the visual first.,fb-hint-intro-009.mp3,future/feedback/hint/fb-hint-intro-009.mp3,hint|intro
fb-hint-intro-010,feedback.hint,must_have,warm,intro,any,,Let's find the important part.,fb-hint-intro-010.mp3,future/feedback/hint/fb-hint-intro-010.mp3,hint|intro
fb-hint-intro-011,feedback.hint,must_have,warm,intro,any,,Here is the first clue.,fb-hint-intro-011.mp3,future/feedback/hint/fb-hint-intro-011.mp3,hint|intro
fb-hint-intro-012,feedback.hint,must_have,warm,intro,any,,Use this to get started.,fb-hint-intro-012.mp3,future/feedback/hint/fb-hint-intro-012.mp3,hint|intro
fb-hint-strategy-001,feedback.hint,must_have,warm,strategy,any,,"Think about the strategy, then choose.",fb-hint-strategy-001.mp3,future/feedback/hint/fb-hint-strategy-001.mp3,hint|strategy
fb-hint-strategy-002,feedback.hint,must_have,warm,strategy,any,,Start with what you know.,fb-hint-strategy-002.mp3,future/feedback/hint/fb-hint-strategy-002.mp3,hint|strategy
fb-hint-strategy-003,feedback.hint,must_have,warm,strategy,any,,Break the problem into smaller parts.,fb-hint-strategy-003.mp3,future/feedback/hint/fb-hint-strategy-003.mp3,hint|strategy
fb-hint-strategy-004,feedback.hint,must_have,warm,strategy,any,,Compare before you calculate.,fb-hint-strategy-004.mp3,future/feedback/hint/fb-hint-strategy-004.mp3,hint|strategy
fb-hint-strategy-005,feedback.hint,must_have,warm,strategy,any,,Name the parts first.,fb-hint-strategy-005.mp3,future/feedback/hint/fb-hint-strategy-005.mp3,hint|strategy
fb-hint-strategy-006,feedback.hint,must_have,warm,strategy,any,,Use the model to test your answer.,fb-hint-strategy-006.mp3,future/feedback/hint/fb-hint-strategy-006.mp3,hint|strategy
fb-hint-strategy-007,feedback.hint,must_have,warm,strategy,any,,Try the step slowly.,fb-hint-strategy-007.mp3,future/feedback/hint/fb-hint-strategy-007.mp3,hint|strategy
fb-hint-strategy-008,feedback.hint,must_have,warm,strategy,any,,Look for the biggest clue.,fb-hint-strategy-008.mp3,future/feedback/hint/fb-hint-strategy-008.mp3,hint|strategy
fb-hint-strategy-009,feedback.hint,must_have,warm,strategy,any,,One careful step can unlock it.,fb-hint-strategy-009.mp3,future/feedback/hint/fb-hint-strategy-009.mp3,hint|strategy
fb-hint-strategy-010,feedback.hint,must_have,warm,strategy,any,,Use the answer choices to check.,fb-hint-strategy-010.mp3,future/feedback/hint/fb-hint-strategy-010.mp3,hint|strategy
fb-hint-worked-001,feedback.hint,must_have,warm,worked,any,,Let's solve one step together.,fb-hint-worked-001.mp3,future/feedback/hint/fb-hint-worked-001.mp3,hint|worked
fb-hint-worked-002,feedback.hint,must_have,warm,worked,any,,"Watch the first step, then you finish.",fb-hint-worked-002.mp3,future/feedback/hint/fb-hint-worked-002.mp3,hint|worked
fb-hint-worked-003,feedback.hint,must_have,warm,worked,any,,Here is how the helper starts.,fb-hint-worked-003.mp3,future/feedback/hint/fb-hint-worked-003.mp3,hint|worked
fb-hint-worked-004,feedback.hint,must_have,warm,worked,any,,This is the part that matters.,fb-hint-worked-004.mp3,future/feedback/hint/fb-hint-worked-004.mp3,hint|worked
fb-hint-worked-005,feedback.hint,must_have,warm,worked,any,,Let's connect the picture to the answer.,fb-hint-worked-005.mp3,future/feedback/hint/fb-hint-worked-005.mp3,hint|worked
fb-hint-worked-006,feedback.hint,must_have,warm,worked,any,,The model shows the first move.,fb-hint-worked-006.mp3,future/feedback/hint/fb-hint-worked-006.mp3,hint|worked
fb-hint-worked-007,feedback.hint,must_have,warm,worked,any,,I will show the starting step.,fb-hint-worked-007.mp3,future/feedback/hint/fb-hint-worked-007.mp3,hint|worked
fb-hint-worked-008,feedback.hint,must_have,warm,worked,any,,Now use that step to choose.,fb-hint-worked-008.mp3,future/feedback/hint/fb-hint-worked-008.mp3,hint|worked
fb-hint-worked-009,feedback.hint,must_have,warm,worked,any,,This example can guide your next try.,fb-hint-worked-009.mp3,future/feedback/hint/fb-hint-worked-009.mp3,hint|worked
fb-hint-worked-010,feedback.hint,must_have,warm,worked,any,,Let's reason it out together.,fb-hint-worked-010.mp3,future/feedback/hint/fb-hint-worked-010.mp3,hint|worked
fb-session-001,feedback.session,must_have,warm,,any,,First question. Let's warm up.,fb-session-001.mp3,future/feedback/session/fb-session-001.mp3,session
fb-session-002,feedback.session,must_have,warm,,any,,You are moving through the quest.,fb-session-002.mp3,future/feedback/session/fb-session-002.mp3,session
fb-session-003,feedback.session,must_have,warm,,any,,Halfway there. Keep your thinking steady.,fb-session-003.mp3,future/feedback/session/fb-session-003.mp3,session
fb-session-004,feedback.session,must_have,warm,,any,,Last question. Finish strong.,fb-session-004.mp3,future/feedback/session/fb-session-004.mp3,session
fb-session-005,feedback.session,must_have,warm,,any,,You got through a tricky stretch.,fb-session-005.mp3,future/feedback/session/fb-session-005.mp3,session
fb-session-006,feedback.session,must_have,warm,,any,,Nice focus this round.,fb-session-006.mp3,future/feedback/session/fb-session-006.mp3,session
fb-session-007,feedback.session,must_have,warm,,any,,You solved a lot of math today.,fb-session-007.mp3,future/feedback/session/fb-session-007.mp3,session
fb-session-008,feedback.session,must_have,warm,,any,,That session is complete.,fb-session-008.mp3,future/feedback/session/fb-session-008.mp3,session
fb-session-009,feedback.session,must_have,warm,,any,,You earned progress for showing up.,fb-session-009.mp3,future/feedback/session/fb-session-009.mp3,session
fb-session-010,feedback.session,must_have,warm,,any,,Let's do one more careful solve.,fb-session-010.mp3,future/feedback/session/fb-session-010.mp3,session
fb-session-011,feedback.session,must_have,warm,,any,,New session. Start with a calm brain.,fb-session-011.mp3,future/feedback/session/fb-session-011.mp3,session
fb-session-012,feedback.session,must_have,warm,,any,,You are ready for the next math step.,fb-session-012.mp3,future/feedback/session/fb-session-012.mp3,session
fb-session-013,feedback.session,must_have,warm,,any,,One problem at a time.,fb-session-013.mp3,future/feedback/session/fb-session-013.mp3,session
fb-session-014,feedback.session,must_have,warm,,any,,Keep your eyes on the clue.,fb-session-014.mp3,future/feedback/session/fb-session-014.mp3,session
fb-session-015,feedback.session,must_have,warm,,any,,You have already made progress today.,fb-session-015.mp3,future/feedback/session/fb-session-015.mp3,session
fb-session-016,feedback.session,must_have,warm,,any,,This is a review moment.,fb-session-016.mp3,future/feedback/session/fb-session-016.mp3,session
fb-session-017,feedback.session,must_have,warm,,any,,This question builds on what you know.,fb-session-017.mp3,future/feedback/session/fb-session-017.mp3,session
fb-session-018,feedback.session,must_have,warm,,any,,Your next challenge is ready.,fb-session-018.mp3,future/feedback/session/fb-session-018.mp3,session
fb-session-019,feedback.session,must_have,warm,,any,,You stayed with the session.,fb-session-019.mp3,future/feedback/session/fb-session-019.mp3,session
fb-session-020,feedback.session,must_have,warm,,any,,That was steady work.,fb-session-020.mp3,future/feedback/session/fb-session-020.mp3,session
fb-reward-001,feedback.reward,must_have,warm,,any,,New sticker earned.,fb-reward-001.mp3,future/feedback/reward/fb-reward-001.mp3,reward
fb-reward-002,feedback.reward,must_have,warm,,any,,That sticker is for your persistence.,fb-reward-002.mp3,future/feedback/reward/fb-reward-002.mp3,reward
fb-reward-003,feedback.reward,must_have,warm,,any,,Your sticker book just grew.,fb-reward-003.mp3,future/feedback/reward/fb-reward-003.mp3,reward
fb-reward-004,feedback.reward,must_have,warm,,any,,A new reward is ready.,fb-reward-004.mp3,future/feedback/reward/fb-reward-004.mp3,reward
fb-reward-005,feedback.reward,must_have,warm,,any,,You unlocked something fun.,fb-reward-005.mp3,future/feedback/reward/fb-reward-005.mp3,reward
fb-reward-006,feedback.reward,must_have,warm,,any,,That was earned by real thinking.,fb-reward-006.mp3,future/feedback/reward/fb-reward-006.mp3,reward
fb-reward-007,feedback.reward,must_have,warm,,any,,You completed the step and earned a prize.,fb-reward-007.mp3,future/feedback/reward/fb-reward-007.mp3,reward
fb-reward-008,feedback.reward,must_have,warm,,any,,The collection has a new piece.,fb-reward-008.mp3,future/feedback/reward/fb-reward-008.mp3,reward
fb-reward-009,feedback.reward,must_have,warm,,any,,You made progress and got a reward.,fb-reward-009.mp3,future/feedback/reward/fb-reward-009.mp3,reward
fb-reward-010,feedback.reward,must_have,warm,,any,,Nice work. Your reward is ready.,fb-reward-010.mp3,future/feedback/reward/fb-reward-010.mp3,reward
fb-reward-011,feedback.reward,must_have,warm,,any,,That reward celebrates your effort.,fb-reward-011.mp3,future/feedback/reward/fb-reward-011.mp3,reward
fb-reward-012,feedback.reward,must_have,warm,,any,,You added another win to your collection.,fb-reward-012.mp3,future/feedback/reward/fb-reward-012.mp3,reward
fb-reward-013,feedback.reward,must_have,warm,,any,,A fresh sticker just opened.,fb-reward-013.mp3,future/feedback/reward/fb-reward-013.mp3,reward
fb-reward-014,feedback.reward,must_have,warm,,any,,Your careful math unlocked this.,fb-reward-014.mp3,future/feedback/reward/fb-reward-014.mp3,reward
fb-reward-015,feedback.reward,must_have,warm,,any,,This reward marks today's progress.,fb-reward-015.mp3,future/feedback/reward/fb-reward-015.mp3,reward
fb-reward-016,feedback.reward,must_have,warm,,any,,A new badge is ready to view.,fb-reward-016.mp3,future/feedback/reward/fb-reward-016.mp3,reward
fb-reward-017,feedback.reward,must_have,warm,,any,,You earned this by solving and trying.,fb-reward-017.mp3,future/feedback/reward/fb-reward-017.mp3,reward
fb-reward-018,feedback.reward,must_have,warm,,any,,That sticker belongs in your book.,fb-reward-018.mp3,future/feedback/reward/fb-reward-018.mp3,reward
fb-reward-019,feedback.reward,must_have,warm,,any,,Another piece of the collection is yours.,fb-reward-019.mp3,future/feedback/reward/fb-reward-019.mp3,reward
fb-reward-020,feedback.reward,must_have,warm,,any,,You finished the quest step and earned a reward.,fb-reward-020.mp3,future/feedback/reward/fb-reward-020.mp3,reward
coach-countandmatch-001,coaching.domain,must_have,warm,domain_strategy,math,countAndMatch,"Touch each dot once, then say the last number.",coach-countandmatch-001.mp3,future/coaching/domain/coach-countandmatch-001.mp3,domain|countAndMatch
coach-countandmatch-002,coaching.domain,must_have,warm,domain_strategy,math,countAndMatch,The last number you count tells the total.,coach-countandmatch-002.mp3,future/coaching/domain/coach-countandmatch-002.mp3,domain|countAndMatch
coach-countandmatch-003,coaching.domain,must_have,warm,domain_strategy,math,countAndMatch,Try moving left to right so you do not count twice.,coach-countandmatch-003.mp3,future/coaching/domain/coach-countandmatch-003.mp3,domain|countAndMatch
coach-countandmatch-004,coaching.domain,must_have,warm,domain_strategy,math,countAndMatch,You matched the group to the number.,coach-countandmatch-004.mp3,future/coaching/domain/coach-countandmatch-004.mp3,domain|countAndMatch
coach-countandmatch-005,coaching.domain,must_have,warm,domain_strategy,math,countAndMatch,Good counting. Each object got one number.,coach-countandmatch-005.mp3,future/coaching/domain/coach-countandmatch-005.mp3,domain|countAndMatch
coach-countandmatch-006,coaching.domain,must_have,warm,domain_strategy,math,countAndMatch,Count slowly and point to each object.,coach-countandmatch-006.mp3,future/coaching/domain/coach-countandmatch-006.mp3,domain|countAndMatch
coach-countandmatch-007,coaching.domain,must_have,warm,domain_strategy,math,countAndMatch,Check that every object was counted.,coach-countandmatch-007.mp3,future/coaching/domain/coach-countandmatch-007.mp3,domain|countAndMatch
coach-countandmatch-008,coaching.domain,must_have,warm,domain_strategy,math,countAndMatch,Start at one and stop when the group is done.,coach-countandmatch-008.mp3,future/coaching/domain/coach-countandmatch-008.mp3,domain|countAndMatch
coach-additionstory-001,coaching.domain,must_have,warm,domain_strategy,math,additionStory,Put the groups together to find the total.,coach-additionstory-001.mp3,future/coaching/domain/coach-additionstory-001.mp3,domain|additionStory
coach-additionstory-002,coaching.domain,must_have,warm,domain_strategy,math,additionStory,Count on from the bigger number.,coach-additionstory-002.mp3,future/coaching/domain/coach-additionstory-002.mp3,domain|additionStory
coach-additionstory-003,coaching.domain,must_have,warm,domain_strategy,math,additionStory,Both groups are part of the answer.,coach-additionstory-003.mp3,future/coaching/domain/coach-additionstory-003.mp3,domain|additionStory
coach-additionstory-004,coaching.domain,must_have,warm,domain_strategy,math,additionStory,The story is asking how many there are now.,coach-additionstory-004.mp3,future/coaching/domain/coach-additionstory-004.mp3,domain|additionStory
coach-additionstory-005,coaching.domain,must_have,warm,domain_strategy,math,additionStory,Add the new group to the starting group.,coach-additionstory-005.mp3,future/coaching/domain/coach-additionstory-005.mp3,domain|additionStory
coach-additionstory-006,coaching.domain,must_have,warm,domain_strategy,math,additionStory,Use fingers or counters to join the groups.,coach-additionstory-006.mp3,future/coaching/domain/coach-additionstory-006.mp3,domain|additionStory
coach-additionstory-007,coaching.domain,must_have,warm,domain_strategy,math,additionStory,The answer should be bigger than each part.,coach-additionstory-007.mp3,future/coaching/domain/coach-additionstory-007.mp3,domain|additionStory
coach-additionstory-008,coaching.domain,must_have,warm,domain_strategy,math,additionStory,You can count all to check.,coach-additionstory-008.mp3,future/coaching/domain/coach-additionstory-008.mp3,domain|additionStory
coach-subtractionstory-001,coaching.domain,must_have,warm,domain_strategy,math,subtractionStory,"Take away the removed group, then count what is left.",coach-subtractionstory-001.mp3,future/coaching/domain/coach-subtractionstory-001.mp3,domain|subtractionStory
coach-subtractionstory-002,coaching.domain,must_have,warm,domain_strategy,math,subtractionStory,Start with the whole group.,coach-subtractionstory-002.mp3,future/coaching/domain/coach-subtractionstory-002.mp3,domain|subtractionStory
coach-subtractionstory-003,coaching.domain,must_have,warm,domain_strategy,math,subtractionStory,Cross out the part that leaves.,coach-subtractionstory-003.mp3,future/coaching/domain/coach-subtractionstory-003.mp3,domain|subtractionStory
coach-subtractionstory-004,coaching.domain,must_have,warm,domain_strategy,math,subtractionStory,The answer is what remains.,coach-subtractionstory-004.mp3,future/coaching/domain/coach-subtractionstory-004.mp3,domain|subtractionStory
coach-subtractionstory-005,coaching.domain,must_have,warm,domain_strategy,math,subtractionStory,Subtraction asks what is left after taking away.,coach-subtractionstory-005.mp3,future/coaching/domain/coach-subtractionstory-005.mp3,domain|subtractionStory
coach-subtractionstory-006,coaching.domain,must_have,warm,domain_strategy,math,subtractionStory,Count back one step at a time.,coach-subtractionstory-006.mp3,future/coaching/domain/coach-subtractionstory-006.mp3,domain|subtractionStory
coach-subtractionstory-007,coaching.domain,must_have,warm,domain_strategy,math,subtractionStory,Make sure you remove the right amount.,coach-subtractionstory-007.mp3,future/coaching/domain/coach-subtractionstory-007.mp3,domain|subtractionStory
coach-subtractionstory-008,coaching.domain,must_have,warm,domain_strategy,math,subtractionStory,The answer should be smaller than the starting number.,coach-subtractionstory-008.mp3,future/coaching/domain/coach-subtractionstory-008.mp3,domain|subtractionStory
coach-numberbond-001,coaching.domain,must_have,warm,domain_strategy,math,numberBond,The missing part plus the known part makes the whole.,coach-numberbond-001.mp3,future/coaching/domain/coach-numberbond-001.mp3,domain|numberBond
coach-numberbond-002,coaching.domain,must_have,warm,domain_strategy,math,numberBond,Use the ten frame to see empty spaces.,coach-numberbond-002.mp3,future/coaching/domain/coach-numberbond-002.mp3,domain|numberBond
coach-numberbond-003,coaching.domain,must_have,warm,domain_strategy,math,numberBond,Think about what number completes ten.,coach-numberbond-003.mp3,future/coaching/domain/coach-numberbond-003.mp3,domain|numberBond
coach-numberbond-004,coaching.domain,must_have,warm,domain_strategy,math,numberBond,"The whole is ten, so find the other part.",coach-numberbond-004.mp3,future/coaching/domain/coach-numberbond-004.mp3,domain|numberBond
coach-numberbond-005,coaching.domain,must_have,warm,domain_strategy,math,numberBond,Count from the known part up to ten.,coach-numberbond-005.mp3,future/coaching/domain/coach-numberbond-005.mp3,domain|numberBond
coach-numberbond-006,coaching.domain,must_have,warm,domain_strategy,math,numberBond,Both parts together should make ten.,coach-numberbond-006.mp3,future/coaching/domain/coach-numberbond-006.mp3,domain|numberBond
coach-numberbond-007,coaching.domain,must_have,warm,domain_strategy,math,numberBond,The missing number fills the rest.,coach-numberbond-007.mp3,future/coaching/domain/coach-numberbond-007.mp3,domain|numberBond
coach-numberbond-008,coaching.domain,must_have,warm,domain_strategy,math,numberBond,Check by adding the two parts.,coach-numberbond-008.mp3,future/coaching/domain/coach-numberbond-008.mp3,domain|numberBond
coach-shapeclassification-001,coaching.domain,must_have,warm,domain_strategy,math,shapeClassification,Trace the sides with your finger.,coach-shapeclassification-001.mp3,future/coaching/domain/coach-shapeclassification-001.mp3,domain|shapeClassification
coach-shapeclassification-002,coaching.domain,must_have,warm,domain_strategy,math,shapeClassification,Corners are where two sides meet.,coach-shapeclassification-002.mp3,future/coaching/domain/coach-shapeclassification-002.mp3,domain|shapeClassification
coach-shapeclassification-003,coaching.domain,must_have,warm,domain_strategy,math,shapeClassification,A circle has no corners and no straight sides.,coach-shapeclassification-003.mp3,future/coaching/domain/coach-shapeclassification-003.mp3,domain|shapeClassification
coach-shapeclassification-004,coaching.domain,must_have,warm,domain_strategy,math,shapeClassification,A triangle has three sides and three corners.,coach-shapeclassification-004.mp3,future/coaching/domain/coach-shapeclassification-004.mp3,domain|shapeClassification
coach-shapeclassification-005,coaching.domain,must_have,warm,domain_strategy,math,shapeClassification,A rectangle has four sides and four corners.,coach-shapeclassification-005.mp3,future/coaching/domain/coach-shapeclassification-005.mp3,domain|shapeClassification
coach-shapeclassification-006,coaching.domain,must_have,warm,domain_strategy,math,shapeClassification,Count sides before naming the shape.,coach-shapeclassification-006.mp3,future/coaching/domain/coach-shapeclassification-006.mp3,domain|shapeClassification
coach-shapeclassification-007,coaching.domain,must_have,warm,domain_strategy,math,shapeClassification,Look for equal sides if it might be a square.,coach-shapeclassification-007.mp3,future/coaching/domain/coach-shapeclassification-007.mp3,domain|shapeClassification
coach-shapeclassification-008,coaching.domain,must_have,warm,domain_strategy,math,shapeClassification,"Use attributes, not color, to name the shape.",coach-shapeclassification-008.mp3,future/coaching/domain/coach-shapeclassification-008.mp3,domain|shapeClassification
coach-measurelength-001,coaching.domain,must_have,warm,domain_strategy,math,measureLength,Start measuring at zero.,coach-measurelength-001.mp3,future/coaching/domain/coach-measurelength-001.mp3,domain|measureLength
coach-measurelength-002,coaching.domain,must_have,warm,domain_strategy,math,measureLength,"Count the spaces, not just the marks.",coach-measurelength-002.mp3,future/coaching/domain/coach-measurelength-002.mp3,domain|measureLength
coach-measurelength-003,coaching.domain,must_have,warm,domain_strategy,math,measureLength,Line up the object with the ruler.,coach-measurelength-003.mp3,future/coaching/domain/coach-measurelength-003.mp3,domain|measureLength
coach-measurelength-004,coaching.domain,must_have,warm,domain_strategy,math,measureLength,The length is where the object ends.,coach-measurelength-004.mp3,future/coaching/domain/coach-measurelength-004.mp3,domain|measureLength
coach-measurelength-005,coaching.domain,must_have,warm,domain_strategy,math,measureLength,Each equal space is one unit.,coach-measurelength-005.mp3,future/coaching/domain/coach-measurelength-005.mp3,domain|measureLength
coach-measurelength-006,coaching.domain,must_have,warm,domain_strategy,math,measureLength,Do not start counting at one on the ruler.,coach-measurelength-006.mp3,future/coaching/domain/coach-measurelength-006.mp3,domain|measureLength
coach-measurelength-007,coaching.domain,must_have,warm,domain_strategy,math,measureLength,Check the start and end points.,coach-measurelength-007.mp3,future/coaching/domain/coach-measurelength-007.mp3,domain|measureLength
coach-measurelength-008,coaching.domain,must_have,warm,domain_strategy,math,measureLength,Use the unit marks to measure carefully.,coach-measurelength-008.mp3,future/coaching/domain/coach-measurelength-008.mp3,domain|measureLength
coach-areatiling-001,coaching.domain,must_have,warm,domain_strategy,math,areaTiling,Rows times columns gives the area.,coach-areatiling-001.mp3,future/coaching/domain/coach-areatiling-001.mp3,domain|areaTiling
coach-areatiling-002,coaching.domain,must_have,warm,domain_strategy,math,areaTiling,Count each unit square.,coach-areatiling-002.mp3,future/coaching/domain/coach-areatiling-002.mp3,domain|areaTiling
coach-areatiling-003,coaching.domain,must_have,warm,domain_strategy,math,areaTiling,One row times the number of rows gives the total.,coach-areatiling-003.mp3,future/coaching/domain/coach-areatiling-003.mp3,domain|areaTiling
coach-areatiling-004,coaching.domain,must_have,warm,domain_strategy,math,areaTiling,The area is how many squares cover the rectangle.,coach-areatiling-004.mp3,future/coaching/domain/coach-areatiling-004.mp3,domain|areaTiling
coach-areatiling-005,coaching.domain,must_have,warm,domain_strategy,math,areaTiling,You can skip-count by the row length.,coach-areatiling-005.mp3,future/coaching/domain/coach-areatiling-005.mp3,domain|areaTiling
coach-areatiling-006,coaching.domain,must_have,warm,domain_strategy,math,areaTiling,Every square inside the rectangle counts.,coach-areatiling-006.mp3,future/coaching/domain/coach-areatiling-006.mp3,domain|areaTiling
coach-areatiling-007,coaching.domain,must_have,warm,domain_strategy,math,areaTiling,"Find rows first, then columns.",coach-areatiling-007.mp3,future/coaching/domain/coach-areatiling-007.mp3,domain|areaTiling
coach-areatiling-008,coaching.domain,must_have,warm,domain_strategy,math,areaTiling,Multiply the two side lengths.,coach-areatiling-008.mp3,future/coaching/domain/coach-areatiling-008.mp3,domain|areaTiling
coach-anglemeasure-001,coaching.domain,must_have,warm,domain_strategy,math,angleMeasure,A 90-degree angle is a square corner.,coach-anglemeasure-001.mp3,future/coaching/domain/coach-anglemeasure-001.mp3,domain|angleMeasure
coach-anglemeasure-002,coaching.domain,must_have,warm,domain_strategy,math,angleMeasure,Compare the angle to a square corner.,coach-anglemeasure-002.mp3,future/coaching/domain/coach-anglemeasure-002.mp3,domain|angleMeasure
coach-anglemeasure-003,coaching.domain,must_have,warm,domain_strategy,math,angleMeasure,A wider opening means more degrees.,coach-anglemeasure-003.mp3,future/coaching/domain/coach-anglemeasure-003.mp3,domain|angleMeasure
coach-anglemeasure-004,coaching.domain,must_have,warm,domain_strategy,math,angleMeasure,An acute angle is smaller than 90 degrees.,coach-anglemeasure-004.mp3,future/coaching/domain/coach-anglemeasure-004.mp3,domain|angleMeasure
coach-anglemeasure-005,coaching.domain,must_have,warm,domain_strategy,math,angleMeasure,An obtuse angle is bigger than 90 degrees.,coach-anglemeasure-005.mp3,future/coaching/domain/coach-anglemeasure-005.mp3,domain|angleMeasure
coach-anglemeasure-006,coaching.domain,must_have,warm,domain_strategy,math,angleMeasure,Look at how far the ray opens.,coach-anglemeasure-006.mp3,future/coaching/domain/coach-anglemeasure-006.mp3,domain|angleMeasure
coach-anglemeasure-007,coaching.domain,must_have,warm,domain_strategy,math,angleMeasure,Use the protractor marks to check.,coach-anglemeasure-007.mp3,future/coaching/domain/coach-anglemeasure-007.mp3,domain|angleMeasure
coach-anglemeasure-008,coaching.domain,must_have,warm,domain_strategy,math,angleMeasure,The angle measure tells how wide it opens.,coach-anglemeasure-008.mp3,future/coaching/domain/coach-anglemeasure-008.mp3,domain|angleMeasure
coach-dataplot-001,coaching.domain,must_have,warm,domain_strategy,math,dataPlot,"Read the label first, then the bar height.",coach-dataplot-001.mp3,future/coaching/domain/coach-dataplot-001.mp3,domain|dataPlot
coach-dataplot-002,coaching.domain,must_have,warm,domain_strategy,math,dataPlot,The tallest bar shows the most.,coach-dataplot-002.mp3,future/coaching/domain/coach-dataplot-002.mp3,domain|dataPlot
coach-dataplot-003,coaching.domain,must_have,warm,domain_strategy,math,dataPlot,Count the marks above the category.,coach-dataplot-003.mp3,future/coaching/domain/coach-dataplot-003.mp3,domain|dataPlot
coach-dataplot-004,coaching.domain,must_have,warm,domain_strategy,math,dataPlot,Use the graph to compare values.,coach-dataplot-004.mp3,future/coaching/domain/coach-dataplot-004.mp3,domain|dataPlot
coach-dataplot-005,coaching.domain,must_have,warm,domain_strategy,math,dataPlot,Check the axis before choosing.,coach-dataplot-005.mp3,future/coaching/domain/coach-dataplot-005.mp3,domain|dataPlot
coach-dataplot-006,coaching.domain,must_have,warm,domain_strategy,math,dataPlot,Each picture or X counts as one data point.,coach-dataplot-006.mp3,future/coaching/domain/coach-dataplot-006.mp3,domain|dataPlot
coach-dataplot-007,coaching.domain,must_have,warm,domain_strategy,math,dataPlot,Find the category the question asks about.,coach-dataplot-007.mp3,future/coaching/domain/coach-dataplot-007.mp3,domain|dataPlot
coach-dataplot-008,coaching.domain,must_have,warm,domain_strategy,math,dataPlot,Compare the heights carefully.,coach-dataplot-008.mp3,future/coaching/domain/coach-dataplot-008.mp3,domain|dataPlot
coach-fractioncomparison-001,coaching.domain,must_have,warm,domain_strategy,math,fractionComparison,Equal parts matter first.,coach-fractioncomparison-001.mp3,future/coaching/domain/coach-fractioncomparison-001.mp3,domain|fractionComparison
coach-fractioncomparison-002,coaching.domain,must_have,warm,domain_strategy,math,fractionComparison,The denominator tells how many equal pieces.,coach-fractioncomparison-002.mp3,future/coaching/domain/coach-fractioncomparison-002.mp3,domain|fractionComparison
coach-fractioncomparison-003,coaching.domain,must_have,warm,domain_strategy,math,fractionComparison,The numerator tells how many pieces are shaded.,coach-fractioncomparison-003.mp3,future/coaching/domain/coach-fractioncomparison-003.mp3,domain|fractionComparison
coach-fractioncomparison-004,coaching.domain,must_have,warm,domain_strategy,math,fractionComparison,"When denominators match, compare the numerators.",coach-fractioncomparison-004.mp3,future/coaching/domain/coach-fractioncomparison-004.mp3,domain|fractionComparison
coach-fractioncomparison-005,coaching.domain,must_have,warm,domain_strategy,math,fractionComparison,"When numerators match, fewer pieces means bigger pieces.",coach-fractioncomparison-005.mp3,future/coaching/domain/coach-fractioncomparison-005.mp3,domain|fractionComparison
coach-fractioncomparison-006,coaching.domain,must_have,warm,domain_strategy,math,fractionComparison,Use one half as a benchmark.,coach-fractioncomparison-006.mp3,future/coaching/domain/coach-fractioncomparison-006.mp3,domain|fractionComparison
coach-fractioncomparison-007,coaching.domain,must_have,warm,domain_strategy,math,fractionComparison,Compare the size of the shaded parts.,coach-fractioncomparison-007.mp3,future/coaching/domain/coach-fractioncomparison-007.mp3,domain|fractionComparison
coach-fractioncomparison-008,coaching.domain,must_have,warm,domain_strategy,math,fractionComparison,Make sure the wholes are the same size.,coach-fractioncomparison-008.mp3,future/coaching/domain/coach-fractioncomparison-008.mp3,domain|fractionComparison
coach-volumeprism-001,coaching.domain,must_have,warm,domain_strategy,math,volumePrism,Build one layer first.,coach-volumeprism-001.mp3,future/coaching/domain/coach-volumeprism-001.mp3,domain|volumePrism
coach-volumeprism-002,coaching.domain,must_have,warm,domain_strategy,math,volumePrism,Length times width gives one layer.,coach-volumeprism-002.mp3,future/coaching/domain/coach-volumeprism-002.mp3,domain|volumePrism
coach-volumeprism-003,coaching.domain,must_have,warm,domain_strategy,math,volumePrism,Then multiply by the height.,coach-volumeprism-003.mp3,future/coaching/domain/coach-volumeprism-003.mp3,domain|volumePrism
coach-volumeprism-004,coaching.domain,must_have,warm,domain_strategy,math,volumePrism,Volume counts the cubes that fill the prism.,coach-volumeprism-004.mp3,future/coaching/domain/coach-volumeprism-004.mp3,domain|volumePrism
coach-volumeprism-005,coaching.domain,must_have,warm,domain_strategy,math,volumePrism,Every equal layer has the same number of cubes.,coach-volumeprism-005.mp3,future/coaching/domain/coach-volumeprism-005.mp3,domain|volumePrism
coach-volumeprism-006,coaching.domain,must_have,warm,domain_strategy,math,volumePrism,Stack the layers to find the total.,coach-volumeprism-006.mp3,future/coaching/domain/coach-volumeprism-006.mp3,domain|volumePrism
coach-volumeprism-007,coaching.domain,must_have,warm,domain_strategy,math,volumePrism,"Use three dimensions: length, width, and height.",coach-volumeprism-007.mp3,future/coaching/domain/coach-volumeprism-007.mp3,domain|volumePrism
coach-volumeprism-008,coaching.domain,must_have,warm,domain_strategy,math,volumePrism,The answer is in cubic units.,coach-volumeprism-008.mp3,future/coaching/domain/coach-volumeprism-008.mp3,domain|volumePrism
coach-ratiotable-001,coaching.domain,must_have,warm,domain_strategy,math,ratioTable,Look at how both numbers grow.,coach-ratiotable-001.mp3,future/coaching/domain/coach-ratiotable-001.mp3,domain|ratioTable
coach-ratiotable-002,coaching.domain,must_have,warm,domain_strategy,math,ratioTable,Find the same multiplier in each row.,coach-ratiotable-002.mp3,future/coaching/domain/coach-ratiotable-002.mp3,domain|ratioTable
coach-ratiotable-003,coaching.domain,must_have,warm,domain_strategy,math,ratioTable,A ratio pattern changes both sides together.,coach-ratiotable-003.mp3,future/coaching/domain/coach-ratiotable-003.mp3,domain|ratioTable
coach-ratiotable-004,coaching.domain,must_have,warm,domain_strategy,math,ratioTable,Use the completed row to find the missing row.,coach-ratiotable-004.mp3,future/coaching/domain/coach-ratiotable-004.mp3,domain|ratioTable
coach-ratiotable-005,coaching.domain,must_have,warm,domain_strategy,math,ratioTable,Compare left to right before choosing.,coach-ratiotable-005.mp3,future/coaching/domain/coach-ratiotable-005.mp3,domain|ratioTable
coach-ratiotable-006,coaching.domain,must_have,warm,domain_strategy,math,ratioTable,Each row should keep the same relationship.,coach-ratiotable-006.mp3,future/coaching/domain/coach-ratiotable-006.mp3,domain|ratioTable
coach-ratiotable-007,coaching.domain,must_have,warm,domain_strategy,math,ratioTable,Scale both numbers by the same amount.,coach-ratiotable-007.mp3,future/coaching/domain/coach-ratiotable-007.mp3,domain|ratioTable
coach-ratiotable-008,coaching.domain,must_have,warm,domain_strategy,math,ratioTable,Check that the pattern is consistent.,coach-ratiotable-008.mp3,future/coaching/domain/coach-ratiotable-008.mp3,domain|ratioTable
fb-correction-general-001,feedback.correction,must_have,warm,correction_overlay,any,,The answer is correct when it matches the visual model.,fb-correction-general-001.mp3,future/feedback/correction/fb-correction-general-001.mp3,correction|worked_step
fb-correction-general-002,feedback.correction,must_have,warm,correction_overlay,any,,Let's solve this one together before the next question.,fb-correction-general-002.mp3,future/feedback/correction/fb-correction-general-002.mp3,correction|worked_step
fb-correction-general-003,feedback.correction,must_have,warm,correction_overlay,any,,The important clue was hiding in the picture.,fb-correction-general-003.mp3,future/feedback/correction/fb-correction-general-003.mp3,correction|worked_step
fb-correction-general-004,feedback.correction,must_have,warm,correction_overlay,any,,This is the step that changes the answer.,fb-correction-general-004.mp3,future/feedback/correction/fb-correction-general-004.mp3,correction|worked_step
fb-correction-general-005,feedback.correction,must_have,warm,correction_overlay,any,,Watch how the first step points to the answer.,fb-correction-general-005.mp3,future/feedback/correction/fb-correction-general-005.mp3,correction|worked_step
fb-correction-general-006,feedback.correction,must_have,warm,correction_overlay,any,,The answer choice works because it fits every clue.,fb-correction-general-006.mp3,future/feedback/correction/fb-correction-general-006.mp3,correction|worked_step
fb-correction-general-007,feedback.correction,must_have,warm,correction_overlay,any,,Let's name what we know first.,fb-correction-general-007.mp3,future/feedback/correction/fb-correction-general-007.mp3,correction|worked_step
fb-correction-general-008,feedback.correction,must_have,warm,correction_overlay,any,,The model shows why that answer fits.,fb-correction-general-008.mp3,future/feedback/correction/fb-correction-general-008.mp3,correction|worked_step
fb-correction-general-009,feedback.correction,must_have,warm,correction_overlay,any,,This problem gets easier when we slow it down.,fb-correction-general-009.mp3,future/feedback/correction/fb-correction-general-009.mp3,correction|worked_step
fb-correction-general-010,feedback.correction,must_have,warm,correction_overlay,any,,The first clue tells us what to compare.,fb-correction-general-010.mp3,future/feedback/correction/fb-correction-general-010.mp3,correction|worked_step
fb-correction-general-011,feedback.correction,must_have,warm,correction_overlay,any,,A careful check shows which answer belongs.,fb-correction-general-011.mp3,future/feedback/correction/fb-correction-general-011.mp3,correction|worked_step
fb-correction-general-012,feedback.correction,must_have,warm,correction_overlay,any,,Now you can use the same strategy on the next one.,fb-correction-general-012.mp3,future/feedback/correction/fb-correction-general-012.mp3,correction|worked_step
fb-correction-general-013,feedback.correction,must_have,warm,correction_overlay,any,,The mistake was only one step away from the answer.,fb-correction-general-013.mp3,future/feedback/correction/fb-correction-general-013.mp3,correction|worked_step
fb-correction-general-014,feedback.correction,must_have,warm,correction_overlay,any,,Let's connect the words to the picture.,fb-correction-general-014.mp3,future/feedback/correction/fb-correction-general-014.mp3,correction|worked_step
fb-correction-general-015,feedback.correction,must_have,warm,correction_overlay,any,,The visual helper proves the answer.,fb-correction-general-015.mp3,future/feedback/correction/fb-correction-general-015.mp3,correction|worked_step
fb-correction-general-016,feedback.correction,must_have,warm,correction_overlay,any,,This is a good example to remember.,fb-correction-general-016.mp3,future/feedback/correction/fb-correction-general-016.mp3,correction|worked_step
fb-correction-general-017,feedback.correction,must_have,warm,correction_overlay,any,,The answer makes sense because it matches the structure.,fb-correction-general-017.mp3,future/feedback/correction/fb-correction-general-017.mp3,correction|worked_step
fb-correction-general-018,feedback.correction,must_have,warm,correction_overlay,any,,Let's use the choices to check our thinking.,fb-correction-general-018.mp3,future/feedback/correction/fb-correction-general-018.mp3,correction|worked_step
fb-correction-general-019,feedback.correction,must_have,warm,correction_overlay,any,,The correct answer is the one that satisfies the whole question.,fb-correction-general-019.mp3,future/feedback/correction/fb-correction-general-019.mp3,correction|worked_step
fb-correction-general-020,feedback.correction,must_have,warm,correction_overlay,any,,You can try this same move next time.,fb-correction-general-020.mp3,future/feedback/correction/fb-correction-general-020.mp3,correction|worked_step
fb-correction-countandmatch-001,feedback.correction,must_have,warm,correction_overlay,any,countAndMatch,Count each object once. The last number you say is the answer.,fb-correction-countandmatch-001.mp3,future/feedback/correction/fb-correction-countandmatch-001.mp3,correction|worked_step|countAndMatch
fb-correction-countandmatch-002,feedback.correction,must_have,warm,correction_overlay,any,countAndMatch,"If an object was skipped, the count is too small.",fb-correction-countandmatch-002.mp3,future/feedback/correction/fb-correction-countandmatch-002.mp3,correction|worked_step|countAndMatch
fb-correction-countandmatch-003,feedback.correction,must_have,warm,correction_overlay,any,countAndMatch,"If an object was counted twice, the count is too big.",fb-correction-countandmatch-003.mp3,future/feedback/correction/fb-correction-countandmatch-003.mp3,correction|worked_step|countAndMatch
fb-correction-countandmatch-004,feedback.correction,must_have,warm,correction_overlay,any,countAndMatch,"Touch, count, move on. That keeps the total accurate.",fb-correction-countandmatch-004.mp3,future/feedback/correction/fb-correction-countandmatch-004.mp3,correction|worked_step|countAndMatch
fb-correction-countandmatch-005,feedback.correction,must_have,warm,correction_overlay,any,countAndMatch,The picture shows the total when every object gets one count.,fb-correction-countandmatch-005.mp3,future/feedback/correction/fb-correction-countandmatch-005.mp3,correction|worked_step|countAndMatch
fb-correction-countandmatch-006,feedback.correction,must_have,warm,correction_overlay,any,countAndMatch,The matching number is the final count.,fb-correction-countandmatch-006.mp3,future/feedback/correction/fb-correction-countandmatch-006.mp3,correction|worked_step|countAndMatch
fb-correction-numberbond-001,feedback.correction,must_have,warm,correction_overlay,any,numberBond,The two parts must make the whole.,fb-correction-numberbond-001.mp3,future/feedback/correction/fb-correction-numberbond-001.mp3,correction|worked_step|numberBond
fb-correction-numberbond-002,feedback.correction,must_have,warm,correction_overlay,any,numberBond,Count from the known part up to ten to find the missing part.,fb-correction-numberbond-002.mp3,future/feedback/correction/fb-correction-numberbond-002.mp3,correction|worked_step|numberBond
fb-correction-numberbond-003,feedback.correction,must_have,warm,correction_overlay,any,numberBond,The empty spaces on the ten frame show the missing number.,fb-correction-numberbond-003.mp3,future/feedback/correction/fb-correction-numberbond-003.mp3,correction|worked_step|numberBond
fb-correction-numberbond-004,feedback.correction,must_have,warm,correction_overlay,any,numberBond,Check by adding both parts together.,fb-correction-numberbond-004.mp3,future/feedback/correction/fb-correction-numberbond-004.mp3,correction|worked_step|numberBond
fb-correction-numberbond-005,feedback.correction,must_have,warm,correction_overlay,any,numberBond,"If the parts make more than ten, the missing part is too big.",fb-correction-numberbond-005.mp3,future/feedback/correction/fb-correction-numberbond-005.mp3,correction|worked_step|numberBond
fb-correction-numberbond-006,feedback.correction,must_have,warm,correction_overlay,any,numberBond,"If the parts make less than ten, the missing part is too small.",fb-correction-numberbond-006.mp3,future/feedback/correction/fb-correction-numberbond-006.mp3,correction|worked_step|numberBond
fb-correction-additionstory-001,feedback.correction,must_have,warm,correction_overlay,any,additionStory,Addition joins the groups.,fb-correction-additionstory-001.mp3,future/feedback/correction/fb-correction-additionstory-001.mp3,correction|worked_step|additionStory
fb-correction-additionstory-002,feedback.correction,must_have,warm,correction_overlay,any,additionStory,The answer should include the starting group and the new group.,fb-correction-additionstory-002.mp3,future/feedback/correction/fb-correction-additionstory-002.mp3,correction|worked_step|additionStory
fb-correction-additionstory-003,feedback.correction,must_have,warm,correction_overlay,any,additionStory,Count on from the bigger number to find the total.,fb-correction-additionstory-003.mp3,future/feedback/correction/fb-correction-additionstory-003.mp3,correction|worked_step|additionStory
fb-correction-additionstory-004,feedback.correction,must_have,warm,correction_overlay,any,additionStory,The story asks how many there are altogether.,fb-correction-additionstory-004.mp3,future/feedback/correction/fb-correction-additionstory-004.mp3,correction|worked_step|additionStory
fb-correction-additionstory-005,feedback.correction,must_have,warm,correction_overlay,any,additionStory,"If one group is missing, the total will be too small.",fb-correction-additionstory-005.mp3,future/feedback/correction/fb-correction-additionstory-005.mp3,correction|worked_step|additionStory
fb-correction-additionstory-006,feedback.correction,must_have,warm,correction_overlay,any,additionStory,The sum is the amount after both groups are together.,fb-correction-additionstory-006.mp3,future/feedback/correction/fb-correction-additionstory-006.mp3,correction|worked_step|additionStory
fb-correction-subtractionstory-001,feedback.correction,must_have,warm,correction_overlay,any,subtractionStory,Subtraction starts with the whole and takes part away.,fb-correction-subtractionstory-001.mp3,future/feedback/correction/fb-correction-subtractionstory-001.mp3,correction|worked_step|subtractionStory
fb-correction-subtractionstory-002,feedback.correction,must_have,warm,correction_overlay,any,subtractionStory,The answer is the group that remains.,fb-correction-subtractionstory-002.mp3,future/feedback/correction/fb-correction-subtractionstory-002.mp3,correction|worked_step|subtractionStory
fb-correction-subtractionstory-003,feedback.correction,must_have,warm,correction_overlay,any,subtractionStory,Cross out the removed amount before counting leftovers.,fb-correction-subtractionstory-003.mp3,future/feedback/correction/fb-correction-subtractionstory-003.mp3,correction|worked_step|subtractionStory
fb-correction-subtractionstory-004,feedback.correction,must_have,warm,correction_overlay,any,subtractionStory,"If you forgot to take away, the answer is too big.",fb-correction-subtractionstory-004.mp3,future/feedback/correction/fb-correction-subtractionstory-004.mp3,correction|worked_step|subtractionStory
fb-correction-subtractionstory-005,feedback.correction,must_have,warm,correction_overlay,any,subtractionStory,Count back by the amount that leaves.,fb-correction-subtractionstory-005.mp3,future/feedback/correction/fb-correction-subtractionstory-005.mp3,correction|worked_step|subtractionStory
fb-correction-subtractionstory-006,feedback.correction,must_have,warm,correction_overlay,any,subtractionStory,The leftover group proves the answer.,fb-correction-subtractionstory-006.mp3,future/feedback/correction/fb-correction-subtractionstory-006.mp3,correction|worked_step|subtractionStory
fb-correction-shapeclassification-001,feedback.correction,must_have,warm,correction_overlay,any,shapeClassification,"Shape names come from attributes, not color or size.",fb-correction-shapeclassification-001.mp3,future/feedback/correction/fb-correction-shapeclassification-001.mp3,correction|worked_step|shapeClassification
fb-correction-shapeclassification-002,feedback.correction,must_have,warm,correction_overlay,any,shapeClassification,Trace every side before naming the shape.,fb-correction-shapeclassification-002.mp3,future/feedback/correction/fb-correction-shapeclassification-002.mp3,correction|worked_step|shapeClassification
fb-correction-shapeclassification-003,feedback.correction,must_have,warm,correction_overlay,any,shapeClassification,Corners are the points where sides meet.,fb-correction-shapeclassification-003.mp3,future/feedback/correction/fb-correction-shapeclassification-003.mp3,correction|worked_step|shapeClassification
fb-correction-shapeclassification-004,feedback.correction,must_have,warm,correction_overlay,any,shapeClassification,A square is a special rectangle with equal sides.,fb-correction-shapeclassification-004.mp3,future/feedback/correction/fb-correction-shapeclassification-004.mp3,correction|worked_step|shapeClassification
fb-correction-shapeclassification-005,feedback.correction,must_have,warm,correction_overlay,any,shapeClassification,A circle has no straight sides and no corners.,fb-correction-shapeclassification-005.mp3,future/feedback/correction/fb-correction-shapeclassification-005.mp3,correction|worked_step|shapeClassification
fb-correction-shapeclassification-006,feedback.correction,must_have,warm,correction_overlay,any,shapeClassification,The side count is the clue that names the polygon.,fb-correction-shapeclassification-006.mp3,future/feedback/correction/fb-correction-shapeclassification-006.mp3,correction|worked_step|shapeClassification
fb-correction-measurelength-001,feedback.correction,must_have,warm,correction_overlay,any,measureLength,Measurement starts at zero.,fb-correction-measurelength-001.mp3,future/feedback/correction/fb-correction-measurelength-001.mp3,correction|worked_step|measureLength
fb-correction-measurelength-002,feedback.correction,must_have,warm,correction_overlay,any,measureLength,The length is the number of equal spaces the object covers.,fb-correction-measurelength-002.mp3,future/feedback/correction/fb-correction-measurelength-002.mp3,correction|worked_step|measureLength
fb-correction-measurelength-003,feedback.correction,must_have,warm,correction_overlay,any,measureLength,Counting marks instead of spaces can change the answer.,fb-correction-measurelength-003.mp3,future/feedback/correction/fb-correction-measurelength-003.mp3,correction|worked_step|measureLength
fb-correction-measurelength-004,feedback.correction,must_have,warm,correction_overlay,any,measureLength,Line up the start of the object with zero.,fb-correction-measurelength-004.mp3,future/feedback/correction/fb-correction-measurelength-004.mp3,correction|worked_step|measureLength
fb-correction-measurelength-005,feedback.correction,must_have,warm,correction_overlay,any,measureLength,The endpoint shows the length.,fb-correction-measurelength-005.mp3,future/feedback/correction/fb-correction-measurelength-005.mp3,correction|worked_step|measureLength
fb-correction-measurelength-006,feedback.correction,must_have,warm,correction_overlay,any,measureLength,Each unit space counts once.,fb-correction-measurelength-006.mp3,future/feedback/correction/fb-correction-measurelength-006.mp3,correction|worked_step|measureLength
fb-correction-areatiling-001,feedback.correction,must_have,warm,correction_overlay,any,areaTiling,Area counts all the square units inside.,fb-correction-areatiling-001.mp3,future/feedback/correction/fb-correction-areatiling-001.mp3,correction|worked_step|areaTiling
fb-correction-areatiling-002,feedback.correction,must_have,warm,correction_overlay,any,areaTiling,Rows and columns make an array.,fb-correction-areatiling-002.mp3,future/feedback/correction/fb-correction-areatiling-002.mp3,correction|worked_step|areaTiling
fb-correction-areatiling-003,feedback.correction,must_have,warm,correction_overlay,any,areaTiling,Multiply rows by columns to find the total squares.,fb-correction-areatiling-003.mp3,future/feedback/correction/fb-correction-areatiling-003.mp3,correction|worked_step|areaTiling
fb-correction-areatiling-004,feedback.correction,must_have,warm,correction_overlay,any,areaTiling,"If a row is skipped, the area is too small.",fb-correction-areatiling-004.mp3,future/feedback/correction/fb-correction-areatiling-004.mp3,correction|worked_step|areaTiling
fb-correction-areatiling-005,feedback.correction,must_have,warm,correction_overlay,any,areaTiling,The rectangle is covered by equal square units.,fb-correction-areatiling-005.mp3,future/feedback/correction/fb-correction-areatiling-005.mp3,correction|worked_step|areaTiling
fb-correction-areatiling-006,feedback.correction,must_have,warm,correction_overlay,any,areaTiling,The grid proves the multiplication answer.,fb-correction-areatiling-006.mp3,future/feedback/correction/fb-correction-areatiling-006.mp3,correction|worked_step|areaTiling
fb-correction-anglemeasure-001,feedback.correction,must_have,warm,correction_overlay,any,angleMeasure,A right angle is 90 degrees.,fb-correction-anglemeasure-001.mp3,future/feedback/correction/fb-correction-anglemeasure-001.mp3,correction|worked_step|angleMeasure
fb-correction-anglemeasure-002,feedback.correction,must_have,warm,correction_overlay,any,angleMeasure,Smaller than a right angle means less than 90 degrees.,fb-correction-anglemeasure-002.mp3,future/feedback/correction/fb-correction-anglemeasure-002.mp3,correction|worked_step|angleMeasure
fb-correction-anglemeasure-003,feedback.correction,must_have,warm,correction_overlay,any,angleMeasure,Bigger than a right angle means more than 90 degrees.,fb-correction-anglemeasure-003.mp3,future/feedback/correction/fb-correction-anglemeasure-003.mp3,correction|worked_step|angleMeasure
fb-correction-anglemeasure-004,feedback.correction,must_have,warm,correction_overlay,any,angleMeasure,The measure tells how wide the angle opens.,fb-correction-anglemeasure-004.mp3,future/feedback/correction/fb-correction-anglemeasure-004.mp3,correction|worked_step|angleMeasure
fb-correction-anglemeasure-005,feedback.correction,must_have,warm,correction_overlay,any,angleMeasure,Compare the angle to the benchmark before choosing.,fb-correction-anglemeasure-005.mp3,future/feedback/correction/fb-correction-anglemeasure-005.mp3,correction|worked_step|angleMeasure
fb-correction-anglemeasure-006,feedback.correction,must_have,warm,correction_overlay,any,angleMeasure,The protractor arc points to the degree measure.,fb-correction-anglemeasure-006.mp3,future/feedback/correction/fb-correction-anglemeasure-006.mp3,correction|worked_step|angleMeasure
fb-correction-fractioncomparison-001,feedback.correction,must_have,warm,correction_overlay,any,fractionComparison,Fractions compare shaded parts of equal wholes.,fb-correction-fractioncomparison-001.mp3,future/feedback/correction/fb-correction-fractioncomparison-001.mp3,correction|worked_step|fractionComparison
fb-correction-fractioncomparison-002,feedback.correction,must_have,warm,correction_overlay,any,fractionComparison,"When denominators match, compare numerators.",fb-correction-fractioncomparison-002.mp3,future/feedback/correction/fb-correction-fractioncomparison-002.mp3,correction|worked_step|fractionComparison
fb-correction-fractioncomparison-003,feedback.correction,must_have,warm,correction_overlay,any,fractionComparison,"When numerators match, the smaller denominator makes bigger pieces.",fb-correction-fractioncomparison-003.mp3,future/feedback/correction/fb-correction-fractioncomparison-003.mp3,correction|worked_step|fractionComparison
fb-correction-fractioncomparison-004,feedback.correction,must_have,warm,correction_overlay,any,fractionComparison,A benchmark like one half can help.,fb-correction-fractioncomparison-004.mp3,future/feedback/correction/fb-correction-fractioncomparison-004.mp3,correction|worked_step|fractionComparison
fb-correction-fractioncomparison-005,feedback.correction,must_have,warm,correction_overlay,any,fractionComparison,The bigger shaded amount is the bigger fraction.,fb-correction-fractioncomparison-005.mp3,future/feedback/correction/fb-correction-fractioncomparison-005.mp3,correction|worked_step|fractionComparison
fb-correction-fractioncomparison-006,feedback.correction,must_have,warm,correction_overlay,any,fractionComparison,Equal parts must be the same size before comparing.,fb-correction-fractioncomparison-006.mp3,future/feedback/correction/fb-correction-fractioncomparison-006.mp3,correction|worked_step|fractionComparison
fb-correction-solidattributes-001,feedback.correction,must_have,warm,correction_overlay,any,solidAttributes,A solid is three-dimensional.,fb-correction-solidattributes-001.mp3,future/feedback/correction/fb-correction-solidattributes-001.mp3,correction|worked_step|solidAttributes
fb-correction-solidattributes-002,feedback.correction,must_have,warm,correction_overlay,any,solidAttributes,Faces are flat surfaces.,fb-correction-solidattributes-002.mp3,future/feedback/correction/fb-correction-solidattributes-002.mp3,correction|worked_step|solidAttributes
fb-correction-solidattributes-003,feedback.correction,must_have,warm,correction_overlay,any,solidAttributes,Edges are where faces meet.,fb-correction-solidattributes-003.mp3,future/feedback/correction/fb-correction-solidattributes-003.mp3,correction|worked_step|solidAttributes
fb-correction-solidattributes-004,feedback.correction,must_have,warm,correction_overlay,any,solidAttributes,Vertices are corner points.,fb-correction-solidattributes-004.mp3,future/feedback/correction/fb-correction-solidattributes-004.mp3,correction|worked_step|solidAttributes
fb-correction-solidattributes-005,feedback.correction,must_have,warm,correction_overlay,any,solidAttributes,"Curved surfaces help identify cylinders, cones, and spheres.",fb-correction-solidattributes-005.mp3,future/feedback/correction/fb-correction-solidattributes-005.mp3,correction|worked_step|solidAttributes
fb-correction-solidattributes-006,feedback.correction,must_have,warm,correction_overlay,any,solidAttributes,"Match the clue to faces, edges, vertices, or curved parts.",fb-correction-solidattributes-006.mp3,future/feedback/correction/fb-correction-solidattributes-006.mp3,correction|worked_step|solidAttributes
fb-correction-gridpath-001,feedback.correction,must_have,warm,correction_overlay,any,gridPath,Follow one direction at a time.,fb-correction-gridpath-001.mp3,future/feedback/correction/fb-correction-gridpath-001.mp3,correction|worked_step|gridPath
fb-correction-gridpath-002,feedback.correction,must_have,warm,correction_overlay,any,gridPath,Right and left move across the row.,fb-correction-gridpath-002.mp3,future/feedback/correction/fb-correction-gridpath-002.mp3,correction|worked_step|gridPath
fb-correction-gridpath-003,feedback.correction,must_have,warm,correction_overlay,any,gridPath,Up and down move between rows.,fb-correction-gridpath-003.mp3,future/feedback/correction/fb-correction-gridpath-003.mp3,correction|worked_step|gridPath
fb-correction-gridpath-004,feedback.correction,must_have,warm,correction_overlay,any,gridPath,The landing space is the answer.,fb-correction-gridpath-004.mp3,future/feedback/correction/fb-correction-gridpath-004.mp3,correction|worked_step|gridPath
fb-correction-gridpath-005,feedback.correction,must_have,warm,correction_overlay,any,gridPath,Restart at the starting object if the path gets confusing.,fb-correction-gridpath-005.mp3,future/feedback/correction/fb-correction-gridpath-005.mp3,correction|worked_step|gridPath
fb-correction-gridpath-006,feedback.correction,must_have,warm,correction_overlay,any,gridPath,Count each grid step carefully.,fb-correction-gridpath-006.mp3,future/feedback/correction/fb-correction-gridpath-006.mp3,correction|worked_step|gridPath
fb-correction-symmetrymirror-001,feedback.correction,must_have,warm,correction_overlay,any,symmetryMirror,A mirror line makes two matching halves.,fb-correction-symmetrymirror-001.mp3,future/feedback/correction/fb-correction-symmetrymirror-001.mp3,correction|worked_step|symmetryMirror
fb-correction-symmetrymirror-002,feedback.correction,must_have,warm,correction_overlay,any,symmetryMirror,Each part should have a matching part across the line.,fb-correction-symmetrymirror-002.mp3,future/feedback/correction/fb-correction-symmetrymirror-002.mp3,correction|worked_step|symmetryMirror
fb-correction-symmetrymirror-003,feedback.correction,must_have,warm,correction_overlay,any,symmetryMirror,"If one side is flipped the wrong way, it will not match.",fb-correction-symmetrymirror-003.mp3,future/feedback/correction/fb-correction-symmetrymirror-003.mp3,correction|worked_step|symmetryMirror
fb-correction-symmetrymirror-004,feedback.correction,must_have,warm,correction_overlay,any,symmetryMirror,Imagine folding on the mirror line.,fb-correction-symmetrymirror-004.mp3,future/feedback/correction/fb-correction-symmetrymirror-004.mp3,correction|worked_step|symmetryMirror
fb-correction-symmetrymirror-005,feedback.correction,must_have,warm,correction_overlay,any,symmetryMirror,The matching half completes the picture.,fb-correction-symmetrymirror-005.mp3,future/feedback/correction/fb-correction-symmetrymirror-005.mp3,correction|worked_step|symmetryMirror
fb-correction-symmetrymirror-006,feedback.correction,must_have,warm,correction_overlay,any,symmetryMirror,Symmetry means both sides line up.,fb-correction-symmetrymirror-006.mp3,future/feedback/correction/fb-correction-symmetrymirror-006.mp3,correction|worked_step|symmetryMirror
companion-space-001,companion.theme,strong_pack,playful,theme_reaction,any,,Mission step complete.,companion-space-001.mp3,future/companion/theme/companion-space-001.mp3,companion|space
companion-space-002,companion.theme,strong_pack,playful,theme_reaction,any,,Your math rocket is steady.,companion-space-002.mp3,future/companion/theme/companion-space-002.mp3,companion|space
companion-space-003,companion.theme,strong_pack,playful,theme_reaction,any,,That answer is cleared for launch.,companion-space-003.mp3,future/companion/theme/companion-space-003.mp3,companion|space
companion-space-004,companion.theme,strong_pack,playful,theme_reaction,any,,Nice orbit around that tricky clue.,companion-space-004.mp3,future/companion/theme/companion-space-004.mp3,companion|space
companion-space-005,companion.theme,strong_pack,playful,theme_reaction,any,,You found the signal in the stars.,companion-space-005.mp3,future/companion/theme/companion-space-005.mp3,companion|space
companion-space-006,companion.theme,strong_pack,playful,theme_reaction,any,,Mission control saw that smart move.,companion-space-006.mp3,future/companion/theme/companion-space-006.mp3,companion|space
companion-space-007,companion.theme,strong_pack,playful,theme_reaction,any,,That solve has star power.,companion-space-007.mp3,future/companion/theme/companion-space-007.mp3,companion|space
companion-space-008,companion.theme,strong_pack,playful,theme_reaction,any,,You navigated the number path.,companion-space-008.mp3,future/companion/theme/companion-space-008.mp3,companion|space
companion-space-009,companion.theme,strong_pack,playful,theme_reaction,any,,Another bright mission win.,companion-space-009.mp3,future/companion/theme/companion-space-009.mp3,companion|space
companion-space-010,companion.theme,strong_pack,playful,theme_reaction,any,,Your focus is in orbit.,companion-space-010.mp3,future/companion/theme/companion-space-010.mp3,companion|space
companion-space-011,companion.theme,strong_pack,playful,theme_reaction,any,,That was a smooth landing.,companion-space-011.mp3,future/companion/theme/companion-space-011.mp3,companion|space
companion-space-012,companion.theme,strong_pack,playful,theme_reaction,any,,"Next stop, another careful solve.",companion-space-012.mp3,future/companion/theme/companion-space-012.mp3,companion|space
companion-candy-001,companion.theme,strong_pack,playful,theme_reaction,any,,Sweet solve.,companion-candy-001.mp3,future/companion/theme/companion-candy-001.mp3,companion|candy
companion-candy-002,companion.theme,strong_pack,playful,theme_reaction,any,,That answer is a treat.,companion-candy-002.mp3,future/companion/theme/companion-candy-002.mp3,companion|candy
companion-candy-003,companion.theme,strong_pack,playful,theme_reaction,any,,You sprinkled careful thinking on that one.,companion-candy-003.mp3,future/companion/theme/companion-candy-003.mp3,companion|candy
companion-candy-004,companion.theme,strong_pack,playful,theme_reaction,any,,Nice job following the candy trail.,companion-candy-004.mp3,future/companion/theme/companion-candy-004.mp3,companion|candy
companion-candy-005,companion.theme,strong_pack,playful,theme_reaction,any,,That was a tasty bit of math.,companion-candy-005.mp3,future/companion/theme/companion-candy-005.mp3,companion|candy
companion-candy-006,companion.theme,strong_pack,playful,theme_reaction,any,,You found the sweet spot.,companion-candy-006.mp3,future/companion/theme/companion-candy-006.mp3,companion|candy
companion-candy-007,companion.theme,strong_pack,playful,theme_reaction,any,,A little focus made that one pop.,companion-candy-007.mp3,future/companion/theme/companion-candy-007.mp3,companion|candy
companion-candy-008,companion.theme,strong_pack,playful,theme_reaction,any,,That clue was wrapped up nicely.,companion-candy-008.mp3,future/companion/theme/companion-candy-008.mp3,companion|candy
companion-candy-009,companion.theme,strong_pack,playful,theme_reaction,any,,You solved it with extra care.,companion-candy-009.mp3,future/companion/theme/companion-candy-009.mp3,companion|candy
companion-candy-010,companion.theme,strong_pack,playful,theme_reaction,any,,Another sweet win.,companion-candy-010.mp3,future/companion/theme/companion-candy-010.mp3,companion|candy
companion-candy-011,companion.theme,strong_pack,playful,theme_reaction,any,,That answer sticks.,companion-candy-011.mp3,future/companion/theme/companion-candy-011.mp3,companion|candy
companion-candy-012,companion.theme,strong_pack,playful,theme_reaction,any,,Keep rolling through the trail.,companion-candy-012.mp3,future/companion/theme/companion-candy-012.mp3,companion|candy
companion-ocean-001,companion.theme,strong_pack,playful,theme_reaction,any,,Nice wave of thinking.,companion-ocean-001.mp3,future/companion/theme/companion-ocean-001.mp3,companion|ocean
companion-ocean-002,companion.theme,strong_pack,playful,theme_reaction,any,,You found the answer below the surface.,companion-ocean-002.mp3,future/companion/theme/companion-ocean-002.mp3,companion|ocean
companion-ocean-003,companion.theme,strong_pack,playful,theme_reaction,any,,That was a smooth swim through the problem.,companion-ocean-003.mp3,future/companion/theme/companion-ocean-003.mp3,companion|ocean
companion-ocean-004,companion.theme,strong_pack,playful,theme_reaction,any,,You followed the current of clues.,companion-ocean-004.mp3,future/companion/theme/companion-ocean-004.mp3,companion|ocean
companion-ocean-005,companion.theme,strong_pack,playful,theme_reaction,any,,Great catch.,companion-ocean-005.mp3,future/companion/theme/companion-ocean-005.mp3,companion|ocean
companion-ocean-006,companion.theme,strong_pack,playful,theme_reaction,any,,You kept your thinking afloat.,companion-ocean-006.mp3,future/companion/theme/companion-ocean-006.mp3,companion|ocean
companion-ocean-007,companion.theme,strong_pack,playful,theme_reaction,any,,That answer sailed in.,companion-ocean-007.mp3,future/companion/theme/companion-ocean-007.mp3,companion|ocean
companion-ocean-008,companion.theme,strong_pack,playful,theme_reaction,any,,Careful counting kept you on course.,companion-ocean-008.mp3,future/companion/theme/companion-ocean-008.mp3,companion|ocean
companion-ocean-009,companion.theme,strong_pack,playful,theme_reaction,any,,You spotted the hidden clue.,companion-ocean-009.mp3,future/companion/theme/companion-ocean-009.mp3,companion|ocean
companion-ocean-010,companion.theme,strong_pack,playful,theme_reaction,any,,Another splash of progress.,companion-ocean-010.mp3,future/companion/theme/companion-ocean-010.mp3,companion|ocean
companion-ocean-011,companion.theme,strong_pack,playful,theme_reaction,any,,You steered through the challenge.,companion-ocean-011.mp3,future/companion/theme/companion-ocean-011.mp3,companion|ocean
companion-ocean-012,companion.theme,strong_pack,playful,theme_reaction,any,,That solve was clear as water.,companion-ocean-012.mp3,future/companion/theme/companion-ocean-012.mp3,companion|ocean
companion-superhero-001,companion.theme,strong_pack,playful,theme_reaction,any,,Heroic thinking.,companion-superhero-001.mp3,future/companion/theme/companion-superhero-001.mp3,companion|superhero
companion-superhero-002,companion.theme,strong_pack,playful,theme_reaction,any,,You used your strategy power.,companion-superhero-002.mp3,future/companion/theme/companion-superhero-002.mp3,companion|superhero
companion-superhero-003,companion.theme,strong_pack,playful,theme_reaction,any,,That was a brave check.,companion-superhero-003.mp3,future/companion/theme/companion-superhero-003.mp3,companion|superhero
companion-superhero-004,companion.theme,strong_pack,playful,theme_reaction,any,,You saved the answer with careful work.,companion-superhero-004.mp3,future/companion/theme/companion-superhero-004.mp3,companion|superhero
companion-superhero-005,companion.theme,strong_pack,playful,theme_reaction,any,,Your focus shield held strong.,companion-superhero-005.mp3,future/companion/theme/companion-superhero-005.mp3,companion|superhero
companion-superhero-006,companion.theme,strong_pack,playful,theme_reaction,any,,Math hero move.,companion-superhero-006.mp3,future/companion/theme/companion-superhero-006.mp3,companion|superhero
companion-superhero-007,companion.theme,strong_pack,playful,theme_reaction,any,,You spotted the clue in time.,companion-superhero-007.mp3,future/companion/theme/companion-superhero-007.mp3,companion|superhero
companion-superhero-008,companion.theme,strong_pack,playful,theme_reaction,any,,That answer is mission-ready.,companion-superhero-008.mp3,future/companion/theme/companion-superhero-008.mp3,companion|superhero
companion-superhero-009,companion.theme,strong_pack,playful,theme_reaction,any,,You used your problem-solving strength.,companion-superhero-009.mp3,future/companion/theme/companion-superhero-009.mp3,companion|superhero
companion-superhero-010,companion.theme,strong_pack,playful,theme_reaction,any,,Strong brain power.,companion-superhero-010.mp3,future/companion/theme/companion-superhero-010.mp3,companion|superhero
companion-superhero-011,companion.theme,strong_pack,playful,theme_reaction,any,,You handled that challenge.,companion-superhero-011.mp3,future/companion/theme/companion-superhero-011.mp3,companion|superhero
companion-superhero-012,companion.theme,strong_pack,playful,theme_reaction,any,,Another hero point earned.,companion-superhero-012.mp3,future/companion/theme/companion-superhero-012.mp3,companion|superhero
companion-rainbow-001,companion.theme,strong_pack,playful,theme_reaction,any,,Bright thinking.,companion-rainbow-001.mp3,future/companion/theme/companion-rainbow-001.mp3,companion|rainbow
companion-rainbow-002,companion.theme,strong_pack,playful,theme_reaction,any,,That answer shines.,companion-rainbow-002.mp3,future/companion/theme/companion-rainbow-002.mp3,companion|rainbow
companion-rainbow-003,companion.theme,strong_pack,playful,theme_reaction,any,,You found the colorful clue.,companion-rainbow-003.mp3,future/companion/theme/companion-rainbow-003.mp3,companion|rainbow
companion-rainbow-004,companion.theme,strong_pack,playful,theme_reaction,any,,Nice sparkle of strategy.,companion-rainbow-004.mp3,future/companion/theme/companion-rainbow-004.mp3,companion|rainbow
companion-rainbow-005,companion.theme,strong_pack,playful,theme_reaction,any,,That solve is glowing.,companion-rainbow-005.mp3,future/companion/theme/companion-rainbow-005.mp3,companion|rainbow
companion-rainbow-006,companion.theme,strong_pack,playful,theme_reaction,any,,You followed the bright path.,companion-rainbow-006.mp3,future/companion/theme/companion-rainbow-006.mp3,companion|rainbow
companion-rainbow-007,companion.theme,strong_pack,playful,theme_reaction,any,,A careful choice made the answer shine.,companion-rainbow-007.mp3,future/companion/theme/companion-rainbow-007.mp3,companion|rainbow
companion-rainbow-008,companion.theme,strong_pack,playful,theme_reaction,any,,You added color to your progress.,companion-rainbow-008.mp3,future/companion/theme/companion-rainbow-008.mp3,companion|rainbow
companion-rainbow-009,companion.theme,strong_pack,playful,theme_reaction,any,,That was a cheerful bit of math.,companion-rainbow-009.mp3,future/companion/theme/companion-rainbow-009.mp3,companion|rainbow
companion-rainbow-010,companion.theme,strong_pack,playful,theme_reaction,any,,Your focus is bright today.,companion-rainbow-010.mp3,future/companion/theme/companion-rainbow-010.mp3,companion|rainbow
companion-rainbow-011,companion.theme,strong_pack,playful,theme_reaction,any,,Another rainbow step complete.,companion-rainbow-011.mp3,future/companion/theme/companion-rainbow-011.mp3,companion|rainbow
companion-rainbow-012,companion.theme,strong_pack,playful,theme_reaction,any,,You made the tricky part clearer.,companion-rainbow-012.mp3,future/companion/theme/companion-rainbow-012.mp3,companion|rainbow
companion-turbo-001,companion.theme,strong_pack,playful,theme_reaction,any,,Smooth drive.,companion-turbo-001.mp3,future/companion/theme/companion-turbo-001.mp3,companion|turbo
companion-turbo-002,companion.theme,strong_pack,playful,theme_reaction,any,,You shifted into smart thinking.,companion-turbo-002.mp3,future/companion/theme/companion-turbo-002.mp3,companion|turbo
companion-turbo-003,companion.theme,strong_pack,playful,theme_reaction,any,,That answer crossed the finish line.,companion-turbo-003.mp3,future/companion/theme/companion-turbo-003.mp3,companion|turbo
companion-turbo-004,companion.theme,strong_pack,playful,theme_reaction,any,,Nice control on that turn.,companion-turbo-004.mp3,future/companion/theme/companion-turbo-004.mp3,companion|turbo
companion-turbo-005,companion.theme,strong_pack,playful,theme_reaction,any,,You checked the road before choosing.,companion-turbo-005.mp3,future/companion/theme/companion-turbo-005.mp3,companion|turbo
companion-turbo-006,companion.theme,strong_pack,playful,theme_reaction,any,,That solve had good traction.,companion-turbo-006.mp3,future/companion/theme/companion-turbo-006.mp3,companion|turbo
companion-turbo-007,companion.theme,strong_pack,playful,theme_reaction,any,,You kept the math engine steady.,companion-turbo-007.mp3,future/companion/theme/companion-turbo-007.mp3,companion|turbo
companion-turbo-008,companion.theme,strong_pack,playful,theme_reaction,any,,Careful speed wins.,companion-turbo-008.mp3,future/companion/theme/companion-turbo-008.mp3,companion|turbo
companion-turbo-009,companion.theme,strong_pack,playful,theme_reaction,any,,You drove right to the clue.,companion-turbo-009.mp3,future/companion/theme/companion-turbo-009.mp3,companion|turbo
companion-turbo-010,companion.theme,strong_pack,playful,theme_reaction,any,,Another lap complete.,companion-turbo-010.mp3,future/companion/theme/companion-turbo-010.mp3,companion|turbo
companion-turbo-011,companion.theme,strong_pack,playful,theme_reaction,any,,That was a clean pass.,companion-turbo-011.mp3,future/companion/theme/companion-turbo-011.mp3,companion|turbo
companion-turbo-012,companion.theme,strong_pack,playful,theme_reaction,any,,Ready for the next turn.,companion-turbo-012.mp3,future/companion/theme/companion-turbo-012.mp3,companion|turbo
prompt-k1-counting-001,prompt.k1,strong_pack,warm,prompt_variant,early_math,,Count the objects and tap the number.,prompt-k1-counting-001.mp3,future/prompt/k1/prompt-k1-counting-001.mp3,prompt|k1|counting
prompt-k1-counting-002,prompt.k1,strong_pack,warm,prompt_variant,early_math,,How many objects are in the group?,prompt-k1-counting-002.mp3,future/prompt/k1/prompt-k1-counting-002.mp3,prompt|k1|counting
prompt-k1-counting-003,prompt.k1,strong_pack,warm,prompt_variant,early_math,,Point to each object as you count.,prompt-k1-counting-003.mp3,future/prompt/k1/prompt-k1-counting-003.mp3,prompt|k1|counting
prompt-k1-counting-004,prompt.k1,strong_pack,warm,prompt_variant,early_math,,Which number matches the group?,prompt-k1-counting-004.mp3,future/prompt/k1/prompt-k1-counting-004.mp3,prompt|k1|counting
prompt-k1-counting-005,prompt.k1,strong_pack,warm,prompt_variant,early_math,,Count the pictures from left to right.,prompt-k1-counting-005.mp3,future/prompt/k1/prompt-k1-counting-005.mp3,prompt|k1|counting
prompt-k1-counting-006,prompt.k1,strong_pack,warm,prompt_variant,early_math,,What is the total number of objects?,prompt-k1-counting-006.mp3,future/prompt/k1/prompt-k1-counting-006.mp3,prompt|k1|counting
prompt-k1-counting-007,prompt.k1,strong_pack,warm,prompt_variant,early_math,,Say each number as you count.,prompt-k1-counting-007.mp3,future/prompt/k1/prompt-k1-counting-007.mp3,prompt|k1|counting
prompt-k1-counting-008,prompt.k1,strong_pack,warm,prompt_variant,early_math,,Tap the answer that shows how many.,prompt-k1-counting-008.mp3,future/prompt/k1/prompt-k1-counting-008.mp3,prompt|k1|counting
prompt-k1-compare-groups-001,prompt.k1,strong_pack,warm,prompt_variant,early_math,,Which group has more?,prompt-k1-compare-groups-001.mp3,future/prompt/k1/prompt-k1-compare-groups-001.mp3,prompt|k1|compare_groups
prompt-k1-compare-groups-002,prompt.k1,strong_pack,warm,prompt_variant,early_math,,Which group has fewer?,prompt-k1-compare-groups-002.mp3,future/prompt/k1/prompt-k1-compare-groups-002.mp3,prompt|k1|compare_groups
prompt-k1-compare-groups-003,prompt.k1,strong_pack,warm,prompt_variant,early_math,,Do the groups have the same amount?,prompt-k1-compare-groups-003.mp3,future/prompt/k1/prompt-k1-compare-groups-003.mp3,prompt|k1|compare_groups
prompt-k1-compare-groups-004,prompt.k1,strong_pack,warm,prompt_variant,early_math,,Count both groups before you choose.,prompt-k1-compare-groups-004.mp3,future/prompt/k1/prompt-k1-compare-groups-004.mp3,prompt|k1|compare_groups
prompt-k1-compare-groups-005,prompt.k1,strong_pack,warm,prompt_variant,early_math,,Compare the two groups.,prompt-k1-compare-groups-005.mp3,future/prompt/k1/prompt-k1-compare-groups-005.mp3,prompt|k1|compare_groups
prompt-k1-compare-groups-006,prompt.k1,strong_pack,warm,prompt_variant,early_math,,Which side has the bigger group?,prompt-k1-compare-groups-006.mp3,future/prompt/k1/prompt-k1-compare-groups-006.mp3,prompt|k1|compare_groups
prompt-k1-compare-groups-007,prompt.k1,strong_pack,warm,prompt_variant,early_math,,Which group has the smaller count?,prompt-k1-compare-groups-007.mp3,future/prompt/k1/prompt-k1-compare-groups-007.mp3,prompt|k1|compare_groups
prompt-k1-compare-groups-008,prompt.k1,strong_pack,warm,prompt_variant,early_math,,Look at both groups carefully.,prompt-k1-compare-groups-008.mp3,future/prompt/k1/prompt-k1-compare-groups-008.mp3,prompt|k1|compare_groups
prompt-k1-number-bonds-001,prompt.k1,strong_pack,warm,prompt_variant,early_math,,What number makes ten?,prompt-k1-number-bonds-001.mp3,future/prompt/k1/prompt-k1-number-bonds-001.mp3,prompt|k1|number_bonds
prompt-k1-number-bonds-002,prompt.k1,strong_pack,warm,prompt_variant,early_math,,Find the missing part.,prompt-k1-number-bonds-002.mp3,future/prompt/k1/prompt-k1-number-bonds-002.mp3,prompt|k1|number_bonds
prompt-k1-number-bonds-003,prompt.k1,strong_pack,warm,prompt_variant,early_math,,Which part completes the whole?,prompt-k1-number-bonds-003.mp3,future/prompt/k1/prompt-k1-number-bonds-003.mp3,prompt|k1|number_bonds
prompt-k1-number-bonds-004,prompt.k1,strong_pack,warm,prompt_variant,early_math,,What goes with this number to make ten?,prompt-k1-number-bonds-004.mp3,future/prompt/k1/prompt-k1-number-bonds-004.mp3,prompt|k1|number_bonds
prompt-k1-number-bonds-005,prompt.k1,strong_pack,warm,prompt_variant,early_math,,Use the ten frame to find the missing number.,prompt-k1-number-bonds-005.mp3,future/prompt/k1/prompt-k1-number-bonds-005.mp3,prompt|k1|number_bonds
prompt-k1-number-bonds-006,prompt.k1,strong_pack,warm,prompt_variant,early_math,,Which answer fills the empty spaces?,prompt-k1-number-bonds-006.mp3,future/prompt/k1/prompt-k1-number-bonds-006.mp3,prompt|k1|number_bonds
prompt-k1-number-bonds-007,prompt.k1,strong_pack,warm,prompt_variant,early_math,,Find the partner number.,prompt-k1-number-bonds-007.mp3,future/prompt/k1/prompt-k1-number-bonds-007.mp3,prompt|k1|number_bonds
prompt-k1-number-bonds-008,prompt.k1,strong_pack,warm,prompt_variant,early_math,,Two parts make ten. What is missing?,prompt-k1-number-bonds-008.mp3,future/prompt/k1/prompt-k1-number-bonds-008.mp3,prompt|k1|number_bonds
prompt-k1-addition-001,prompt.k1,strong_pack,warm,prompt_variant,early_math,,Put the groups together. How many in all?,prompt-k1-addition-001.mp3,future/prompt/k1/prompt-k1-addition-001.mp3,prompt|k1|addition
prompt-k1-addition-002,prompt.k1,strong_pack,warm,prompt_variant,early_math,,Count on to find the total.,prompt-k1-addition-002.mp3,future/prompt/k1/prompt-k1-addition-002.mp3,prompt|k1|addition
prompt-k1-addition-003,prompt.k1,strong_pack,warm,prompt_variant,early_math,,What is the sum?,prompt-k1-addition-003.mp3,future/prompt/k1/prompt-k1-addition-003.mp3,prompt|k1|addition
prompt-k1-addition-004,prompt.k1,strong_pack,warm,prompt_variant,early_math,,How many are there after more are added?,prompt-k1-addition-004.mp3,future/prompt/k1/prompt-k1-addition-004.mp3,prompt|k1|addition
prompt-k1-addition-005,prompt.k1,strong_pack,warm,prompt_variant,early_math,,Add the two groups.,prompt-k1-addition-005.mp3,future/prompt/k1/prompt-k1-addition-005.mp3,prompt|k1|addition
prompt-k1-addition-006,prompt.k1,strong_pack,warm,prompt_variant,early_math,,Which answer shows the total?,prompt-k1-addition-006.mp3,future/prompt/k1/prompt-k1-addition-006.mp3,prompt|k1|addition
prompt-k1-addition-007,prompt.k1,strong_pack,warm,prompt_variant,early_math,,Start with the bigger number and count on.,prompt-k1-addition-007.mp3,future/prompt/k1/prompt-k1-addition-007.mp3,prompt|k1|addition
prompt-k1-addition-008,prompt.k1,strong_pack,warm,prompt_variant,early_math,,Join the parts and choose the answer.,prompt-k1-addition-008.mp3,future/prompt/k1/prompt-k1-addition-008.mp3,prompt|k1|addition
prompt-k1-subtraction-001,prompt.k1,strong_pack,warm,prompt_variant,early_math,,Take some away. How many are left?,prompt-k1-subtraction-001.mp3,future/prompt/k1/prompt-k1-subtraction-001.mp3,prompt|k1|subtraction
prompt-k1-subtraction-002,prompt.k1,strong_pack,warm,prompt_variant,early_math,,What remains after some leave?,prompt-k1-subtraction-002.mp3,future/prompt/k1/prompt-k1-subtraction-002.mp3,prompt|k1|subtraction
prompt-k1-subtraction-003,prompt.k1,strong_pack,warm,prompt_variant,early_math,,Count back to find the answer.,prompt-k1-subtraction-003.mp3,future/prompt/k1/prompt-k1-subtraction-003.mp3,prompt|k1|subtraction
prompt-k1-subtraction-004,prompt.k1,strong_pack,warm,prompt_variant,early_math,,Which answer shows what is left?,prompt-k1-subtraction-004.mp3,future/prompt/k1/prompt-k1-subtraction-004.mp3,prompt|k1|subtraction
prompt-k1-subtraction-005,prompt.k1,strong_pack,warm,prompt_variant,early_math,,"Start with the whole group, then remove some.",prompt-k1-subtraction-005.mp3,future/prompt/k1/prompt-k1-subtraction-005.mp3,prompt|k1|subtraction
prompt-k1-subtraction-006,prompt.k1,strong_pack,warm,prompt_variant,early_math,,How many are still there?,prompt-k1-subtraction-006.mp3,future/prompt/k1/prompt-k1-subtraction-006.mp3,prompt|k1|subtraction
prompt-k1-subtraction-007,prompt.k1,strong_pack,warm,prompt_variant,early_math,,Cross out the take-away part.,prompt-k1-subtraction-007.mp3,future/prompt/k1/prompt-k1-subtraction-007.mp3,prompt|k1|subtraction
prompt-k1-subtraction-008,prompt.k1,strong_pack,warm,prompt_variant,early_math,,Find the leftover amount.,prompt-k1-subtraction-008.mp3,future/prompt/k1/prompt-k1-subtraction-008.mp3,prompt|k1|subtraction
prompt-k1-shapes-001,prompt.k1,strong_pack,warm,prompt_variant,early_math,,Which shape do you see?,prompt-k1-shapes-001.mp3,future/prompt/k1/prompt-k1-shapes-001.mp3,prompt|k1|shapes
prompt-k1-shapes-002,prompt.k1,strong_pack,warm,prompt_variant,early_math,,How many sides does the shape have?,prompt-k1-shapes-002.mp3,future/prompt/k1/prompt-k1-shapes-002.mp3,prompt|k1|shapes
prompt-k1-shapes-003,prompt.k1,strong_pack,warm,prompt_variant,early_math,,How many corners does the shape have?,prompt-k1-shapes-003.mp3,future/prompt/k1/prompt-k1-shapes-003.mp3,prompt|k1|shapes
prompt-k1-shapes-004,prompt.k1,strong_pack,warm,prompt_variant,early_math,,Find the shape with these attributes.,prompt-k1-shapes-004.mp3,future/prompt/k1/prompt-k1-shapes-004.mp3,prompt|k1|shapes
prompt-k1-shapes-005,prompt.k1,strong_pack,warm,prompt_variant,early_math,,"Trace the sides, then choose.",prompt-k1-shapes-005.mp3,future/prompt/k1/prompt-k1-shapes-005.mp3,prompt|k1|shapes
prompt-k1-shapes-006,prompt.k1,strong_pack,warm,prompt_variant,early_math,,Which shape has no corners?,prompt-k1-shapes-006.mp3,future/prompt/k1/prompt-k1-shapes-006.mp3,prompt|k1|shapes
prompt-k1-shapes-007,prompt.k1,strong_pack,warm,prompt_variant,early_math,,Which shape has four corners?,prompt-k1-shapes-007.mp3,future/prompt/k1/prompt-k1-shapes-007.mp3,prompt|k1|shapes
prompt-k1-shapes-008,prompt.k1,strong_pack,warm,prompt_variant,early_math,,Name the shape in the picture.,prompt-k1-shapes-008.mp3,future/prompt/k1/prompt-k1-shapes-008.mp3,prompt|k1|shapes
prompt-k1-measurement-001,prompt.k1,strong_pack,warm,prompt_variant,early_math,,How long is the object?,prompt-k1-measurement-001.mp3,future/prompt/k1/prompt-k1-measurement-001.mp3,prompt|k1|measurement
prompt-k1-measurement-002,prompt.k1,strong_pack,warm,prompt_variant,early_math,,Measure the object in units.,prompt-k1-measurement-002.mp3,future/prompt/k1/prompt-k1-measurement-002.mp3,prompt|k1|measurement
prompt-k1-measurement-003,prompt.k1,strong_pack,warm,prompt_variant,early_math,,Start at zero and count the spaces.,prompt-k1-measurement-003.mp3,future/prompt/k1/prompt-k1-measurement-003.mp3,prompt|k1|measurement
prompt-k1-measurement-004,prompt.k1,strong_pack,warm,prompt_variant,early_math,,Which answer matches the object's length?,prompt-k1-measurement-004.mp3,future/prompt/k1/prompt-k1-measurement-004.mp3,prompt|k1|measurement
prompt-k1-measurement-005,prompt.k1,strong_pack,warm,prompt_variant,early_math,,Where does the object end on the ruler?,prompt-k1-measurement-005.mp3,future/prompt/k1/prompt-k1-measurement-005.mp3,prompt|k1|measurement
prompt-k1-measurement-006,prompt.k1,strong_pack,warm,prompt_variant,early_math,,Count the unit spaces carefully.,prompt-k1-measurement-006.mp3,future/prompt/k1/prompt-k1-measurement-006.mp3,prompt|k1|measurement
prompt-k1-measurement-007,prompt.k1,strong_pack,warm,prompt_variant,early_math,,Use the ruler to choose.,prompt-k1-measurement-007.mp3,future/prompt/k1/prompt-k1-measurement-007.mp3,prompt|k1|measurement
prompt-k1-measurement-008,prompt.k1,strong_pack,warm,prompt_variant,early_math,,Find the length.,prompt-k1-measurement-008.mp3,future/prompt/k1/prompt-k1-measurement-008.mp3,prompt|k1|measurement
prompt-k1-spatial-001,prompt.k1,strong_pack,warm,prompt_variant,early_math,,Which object is above?,prompt-k1-spatial-001.mp3,future/prompt/k1/prompt-k1-spatial-001.mp3,prompt|k1|spatial
prompt-k1-spatial-002,prompt.k1,strong_pack,warm,prompt_variant,early_math,,Which object is below?,prompt-k1-spatial-002.mp3,future/prompt/k1/prompt-k1-spatial-002.mp3,prompt|k1|spatial
prompt-k1-spatial-003,prompt.k1,strong_pack,warm,prompt_variant,early_math,,Which object is beside it?,prompt-k1-spatial-003.mp3,future/prompt/k1/prompt-k1-spatial-003.mp3,prompt|k1|spatial
prompt-k1-spatial-004,prompt.k1,strong_pack,warm,prompt_variant,early_math,,Which object is inside?,prompt-k1-spatial-004.mp3,future/prompt/k1/prompt-k1-spatial-004.mp3,prompt|k1|spatial
prompt-k1-spatial-005,prompt.k1,strong_pack,warm,prompt_variant,early_math,,Which object is outside?,prompt-k1-spatial-005.mp3,future/prompt/k1/prompt-k1-spatial-005.mp3,prompt|k1|spatial
prompt-k1-spatial-006,prompt.k1,strong_pack,warm,prompt_variant,early_math,,Move right on the grid.,prompt-k1-spatial-006.mp3,future/prompt/k1/prompt-k1-spatial-006.mp3,prompt|k1|spatial
prompt-k1-spatial-007,prompt.k1,strong_pack,warm,prompt_variant,early_math,,Move left on the grid.,prompt-k1-spatial-007.mp3,future/prompt/k1/prompt-k1-spatial-007.mp3,prompt|k1|spatial
prompt-k1-spatial-008,prompt.k1,strong_pack,warm,prompt_variant,early_math,,Follow the direction words.,prompt-k1-spatial-008.mp3,future/prompt/k1/prompt-k1-spatial-008.mp3,prompt|k1|spatial
prompt-countandmatch-001,prompt.variant,strong_pack,warm,prompt_variant,any,countAndMatch,Count the dots. Which number matches?,prompt-countandmatch-001.mp3,future/prompt/variant/prompt-countandmatch-001.mp3,prompt_variant|countAndMatch
prompt-countandmatch-002,prompt.variant,strong_pack,warm,prompt_variant,any,countAndMatch,How many dots do you see?,prompt-countandmatch-002.mp3,future/prompt/variant/prompt-countandmatch-002.mp3,prompt_variant|countAndMatch
prompt-countandmatch-003,prompt.variant,strong_pack,warm,prompt_variant,any,countAndMatch,Touch each dot as you count. What is the total?,prompt-countandmatch-003.mp3,future/prompt/variant/prompt-countandmatch-003.mp3,prompt_variant|countAndMatch
prompt-countandmatch-004,prompt.variant,strong_pack,warm,prompt_variant,any,countAndMatch,Find the number that matches the dots.,prompt-countandmatch-004.mp3,future/prompt/variant/prompt-countandmatch-004.mp3,prompt_variant|countAndMatch
prompt-countandmatch-005,prompt.variant,strong_pack,warm,prompt_variant,any,countAndMatch,Count every dot one time.,prompt-countandmatch-005.mp3,future/prompt/variant/prompt-countandmatch-005.mp3,prompt_variant|countAndMatch
prompt-countandmatch-006,prompt.variant,strong_pack,warm,prompt_variant,any,countAndMatch,Which answer shows the dot total?,prompt-countandmatch-006.mp3,future/prompt/variant/prompt-countandmatch-006.mp3,prompt_variant|countAndMatch
prompt-countandmatch-007,prompt.variant,strong_pack,warm,prompt_variant,any,countAndMatch,Say the numbers as you count the dots.,prompt-countandmatch-007.mp3,future/prompt/variant/prompt-countandmatch-007.mp3,prompt_variant|countAndMatch
prompt-countandmatch-008,prompt.variant,strong_pack,warm,prompt_variant,any,countAndMatch,Look carefully. How many dots are there?,prompt-countandmatch-008.mp3,future/prompt/variant/prompt-countandmatch-008.mp3,prompt_variant|countAndMatch
prompt-countandmatch-009,prompt.variant,strong_pack,warm,prompt_variant,any,countAndMatch,Count the group and tap the total.,prompt-countandmatch-009.mp3,future/prompt/variant/prompt-countandmatch-009.mp3,prompt_variant|countAndMatch
prompt-countandmatch-010,prompt.variant,strong_pack,warm,prompt_variant,any,countAndMatch,What number belongs with this group?,prompt-countandmatch-010.mp3,future/prompt/variant/prompt-countandmatch-010.mp3,prompt_variant|countAndMatch
prompt-measurelength-001,prompt.variant,strong_pack,warm,prompt_variant,any,measureLength,Start at zero. How long is the object?,prompt-measurelength-001.mp3,future/prompt/variant/prompt-measurelength-001.mp3,prompt_variant|measureLength
prompt-measurelength-002,prompt.variant,strong_pack,warm,prompt_variant,any,measureLength,Count the unit spaces. What is the length?,prompt-measurelength-002.mp3,future/prompt/variant/prompt-measurelength-002.mp3,prompt_variant|measureLength
prompt-measurelength-003,prompt.variant,strong_pack,warm,prompt_variant,any,measureLength,How many ruler units does it cover?,prompt-measurelength-003.mp3,future/prompt/variant/prompt-measurelength-003.mp3,prompt_variant|measureLength
prompt-measurelength-004,prompt.variant,strong_pack,warm,prompt_variant,any,measureLength,Measure from the start to the end.,prompt-measurelength-004.mp3,future/prompt/variant/prompt-measurelength-004.mp3,prompt_variant|measureLength
prompt-measurelength-005,prompt.variant,strong_pack,warm,prompt_variant,any,measureLength,What number does the object reach?,prompt-measurelength-005.mp3,future/prompt/variant/prompt-measurelength-005.mp3,prompt_variant|measureLength
prompt-measurelength-006,prompt.variant,strong_pack,warm,prompt_variant,any,measureLength,Count the spaces along the ruler.,prompt-measurelength-006.mp3,future/prompt/variant/prompt-measurelength-006.mp3,prompt_variant|measureLength
prompt-measurelength-007,prompt.variant,strong_pack,warm,prompt_variant,any,measureLength,Find the length in units.,prompt-measurelength-007.mp3,future/prompt/variant/prompt-measurelength-007.mp3,prompt_variant|measureLength
prompt-measurelength-008,prompt.variant,strong_pack,warm,prompt_variant,any,measureLength,Which length matches the object?,prompt-measurelength-008.mp3,future/prompt/variant/prompt-measurelength-008.mp3,prompt_variant|measureLength
prompt-measurelength-009,prompt.variant,strong_pack,warm,prompt_variant,any,measureLength,Use the ruler to measure the object.,prompt-measurelength-009.mp3,future/prompt/variant/prompt-measurelength-009.mp3,prompt_variant|measureLength
prompt-measurelength-010,prompt.variant,strong_pack,warm,prompt_variant,any,measureLength,How many equal units long is it?,prompt-measurelength-010.mp3,future/prompt/variant/prompt-measurelength-010.mp3,prompt_variant|measureLength
prompt-anglemeasure-001,prompt.variant,strong_pack,warm,prompt_variant,any,angleMeasure,How wide is this angle?,prompt-anglemeasure-001.mp3,future/prompt/variant/prompt-anglemeasure-001.mp3,prompt_variant|angleMeasure
prompt-anglemeasure-002,prompt.variant,strong_pack,warm,prompt_variant,any,angleMeasure,Choose the angle measure.,prompt-anglemeasure-002.mp3,future/prompt/variant/prompt-anglemeasure-002.mp3,prompt_variant|angleMeasure
prompt-anglemeasure-003,prompt.variant,strong_pack,warm,prompt_variant,any,angleMeasure,Is it smaller or bigger than 90 degrees?,prompt-anglemeasure-003.mp3,future/prompt/variant/prompt-anglemeasure-003.mp3,prompt_variant|angleMeasure
prompt-anglemeasure-004,prompt.variant,strong_pack,warm,prompt_variant,any,angleMeasure,What degree measure matches the opening?,prompt-anglemeasure-004.mp3,future/prompt/variant/prompt-anglemeasure-004.mp3,prompt_variant|angleMeasure
prompt-anglemeasure-005,prompt.variant,strong_pack,warm,prompt_variant,any,angleMeasure,Read the angle and choose the degrees.,prompt-anglemeasure-005.mp3,future/prompt/variant/prompt-anglemeasure-005.mp3,prompt_variant|angleMeasure
prompt-anglemeasure-006,prompt.variant,strong_pack,warm,prompt_variant,any,angleMeasure,How many degrees does this angle show?,prompt-anglemeasure-006.mp3,future/prompt/variant/prompt-anglemeasure-006.mp3,prompt_variant|angleMeasure
prompt-anglemeasure-007,prompt.variant,strong_pack,warm,prompt_variant,any,angleMeasure,Find the measure of the angle.,prompt-anglemeasure-007.mp3,future/prompt/variant/prompt-anglemeasure-007.mp3,prompt_variant|angleMeasure
prompt-anglemeasure-008,prompt.variant,strong_pack,warm,prompt_variant,any,angleMeasure,"Compare it to a right angle, then choose.",prompt-anglemeasure-008.mp3,future/prompt/variant/prompt-anglemeasure-008.mp3,prompt_variant|angleMeasure
prompt-anglemeasure-009,prompt.variant,strong_pack,warm,prompt_variant,any,angleMeasure,What number belongs on the angle?,prompt-anglemeasure-009.mp3,future/prompt/variant/prompt-anglemeasure-009.mp3,prompt_variant|angleMeasure
prompt-anglemeasure-010,prompt.variant,strong_pack,warm,prompt_variant,any,angleMeasure,Which degree answer fits?,prompt-anglemeasure-010.mp3,future/prompt/variant/prompt-anglemeasure-010.mp3,prompt_variant|angleMeasure
prompt-shapeclassification-001,prompt.variant,strong_pack,warm,prompt_variant,any,shapeClassification,Trace the sides. Which shape is this?,prompt-shapeclassification-001.mp3,future/prompt/variant/prompt-shapeclassification-001.mp3,prompt_variant|shapeClassification
prompt-shapeclassification-002,prompt.variant,strong_pack,warm,prompt_variant,any,shapeClassification,Count the corners. What shape do you see?,prompt-shapeclassification-002.mp3,future/prompt/variant/prompt-shapeclassification-002.mp3,prompt_variant|shapeClassification
prompt-shapeclassification-003,prompt.variant,strong_pack,warm,prompt_variant,any,shapeClassification,This shape has three sides. What is its name?,prompt-shapeclassification-003.mp3,future/prompt/variant/prompt-shapeclassification-003.mp3,prompt_variant|shapeClassification
prompt-shapeclassification-004,prompt.variant,strong_pack,warm,prompt_variant,any,shapeClassification,Which shape matches these attributes?,prompt-shapeclassification-004.mp3,future/prompt/variant/prompt-shapeclassification-004.mp3,prompt_variant|shapeClassification
prompt-shapeclassification-005,prompt.variant,strong_pack,warm,prompt_variant,any,shapeClassification,Look at the sides and corners. Name the shape.,prompt-shapeclassification-005.mp3,future/prompt/variant/prompt-shapeclassification-005.mp3,prompt_variant|shapeClassification
prompt-shapeclassification-006,prompt.variant,strong_pack,warm,prompt_variant,any,shapeClassification,Find the shape with four sides.,prompt-shapeclassification-006.mp3,future/prompt/variant/prompt-shapeclassification-006.mp3,prompt_variant|shapeClassification
prompt-shapeclassification-007,prompt.variant,strong_pack,warm,prompt_variant,any,shapeClassification,Which answer names this shape?,prompt-shapeclassification-007.mp3,future/prompt/variant/prompt-shapeclassification-007.mp3,prompt_variant|shapeClassification
prompt-shapeclassification-008,prompt.variant,strong_pack,warm,prompt_variant,any,shapeClassification,What shape has these sides and corners?,prompt-shapeclassification-008.mp3,future/prompt/variant/prompt-shapeclassification-008.mp3,prompt_variant|shapeClassification
prompt-shapeclassification-009,prompt.variant,strong_pack,warm,prompt_variant,any,shapeClassification,Use the attributes to choose the shape.,prompt-shapeclassification-009.mp3,future/prompt/variant/prompt-shapeclassification-009.mp3,prompt_variant|shapeClassification
prompt-shapeclassification-010,prompt.variant,strong_pack,warm,prompt_variant,any,shapeClassification,Look closely. What is this shape called?,prompt-shapeclassification-010.mp3,future/prompt/variant/prompt-shapeclassification-010.mp3,prompt_variant|shapeClassification
prompt-timemoney-001,prompt.variant,strong_pack,warm,prompt_variant,any,timeMoney,Look at the clock hands. What time is it?,prompt-timemoney-001.mp3,future/prompt/variant/prompt-timemoney-001.mp3,prompt_variant|timeMoney
prompt-timemoney-002,prompt.variant,strong_pack,warm,prompt_variant,any,timeMoney,The short hand shows the hour. What time is shown?,prompt-timemoney-002.mp3,future/prompt/variant/prompt-timemoney-002.mp3,prompt_variant|timeMoney
prompt-timemoney-003,prompt.variant,strong_pack,warm,prompt_variant,any,timeMoney,Count by fives around the clock.,prompt-timemoney-003.mp3,future/prompt/variant/prompt-timemoney-003.mp3,prompt_variant|timeMoney
prompt-timemoney-004,prompt.variant,strong_pack,warm,prompt_variant,any,timeMoney,How many cents are the coins worth?,prompt-timemoney-004.mp3,future/prompt/variant/prompt-timemoney-004.mp3,prompt_variant|timeMoney
prompt-timemoney-005,prompt.variant,strong_pack,warm,prompt_variant,any,timeMoney,Count the biggest coins first.,prompt-timemoney-005.mp3,future/prompt/variant/prompt-timemoney-005.mp3,prompt_variant|timeMoney
prompt-timemoney-006,prompt.variant,strong_pack,warm,prompt_variant,any,timeMoney,Which money value matches the coins?,prompt-timemoney-006.mp3,future/prompt/variant/prompt-timemoney-006.mp3,prompt_variant|timeMoney
prompt-timemoney-007,prompt.variant,strong_pack,warm,prompt_variant,any,timeMoney,"Read the hour, then the minutes.",prompt-timemoney-007.mp3,future/prompt/variant/prompt-timemoney-007.mp3,prompt_variant|timeMoney
prompt-timemoney-008,prompt.variant,strong_pack,warm,prompt_variant,any,timeMoney,Find the value of the coin group.,prompt-timemoney-008.mp3,future/prompt/variant/prompt-timemoney-008.mp3,prompt_variant|timeMoney
prompt-dataplot-001,prompt.variant,strong_pack,warm,prompt_variant,any,dataPlot,Read the graph. Which value matches?,prompt-dataplot-001.mp3,future/prompt/variant/prompt-dataplot-001.mp3,prompt_variant|dataPlot
prompt-dataplot-002,prompt.variant,strong_pack,warm,prompt_variant,any,dataPlot,Which bar shows the most?,prompt-dataplot-002.mp3,future/prompt/variant/prompt-dataplot-002.mp3,prompt_variant|dataPlot
prompt-dataplot-003,prompt.variant,strong_pack,warm,prompt_variant,any,dataPlot,How many data points are in this category?,prompt-dataplot-003.mp3,future/prompt/variant/prompt-dataplot-003.mp3,prompt_variant|dataPlot
prompt-dataplot-004,prompt.variant,strong_pack,warm,prompt_variant,any,dataPlot,Use the chart labels to answer.,prompt-dataplot-004.mp3,future/prompt/variant/prompt-dataplot-004.mp3,prompt_variant|dataPlot
prompt-dataplot-005,prompt.variant,strong_pack,warm,prompt_variant,any,dataPlot,Compare the bar heights.,prompt-dataplot-005.mp3,future/prompt/variant/prompt-dataplot-005.mp3,prompt_variant|dataPlot
prompt-dataplot-006,prompt.variant,strong_pack,warm,prompt_variant,any,dataPlot,Which category has fewer?,prompt-dataplot-006.mp3,future/prompt/variant/prompt-dataplot-006.mp3,prompt_variant|dataPlot
prompt-dataplot-007,prompt.variant,strong_pack,warm,prompt_variant,any,dataPlot,Count the marks on the line plot.,prompt-dataplot-007.mp3,future/prompt/variant/prompt-dataplot-007.mp3,prompt_variant|dataPlot
prompt-dataplot-008,prompt.variant,strong_pack,warm,prompt_variant,any,dataPlot,Find the data point the question asks about.,prompt-dataplot-008.mp3,future/prompt/variant/prompt-dataplot-008.mp3,prompt_variant|dataPlot
prompt-areatiling-001,prompt.variant,strong_pack,warm,prompt_variant,any,areaTiling,Count the rows and columns.,prompt-areatiling-001.mp3,future/prompt/variant/prompt-areatiling-001.mp3,prompt_variant|areaTiling
prompt-areatiling-002,prompt.variant,strong_pack,warm,prompt_variant,any,areaTiling,How many square units cover the rectangle?,prompt-areatiling-002.mp3,future/prompt/variant/prompt-areatiling-002.mp3,prompt_variant|areaTiling
prompt-areatiling-003,prompt.variant,strong_pack,warm,prompt_variant,any,areaTiling,Find the area of the tiled rectangle.,prompt-areatiling-003.mp3,future/prompt/variant/prompt-areatiling-003.mp3,prompt_variant|areaTiling
prompt-areatiling-004,prompt.variant,strong_pack,warm,prompt_variant,any,areaTiling,Multiply the side lengths to find the area.,prompt-areatiling-004.mp3,future/prompt/variant/prompt-areatiling-004.mp3,prompt_variant|areaTiling
prompt-areatiling-005,prompt.variant,strong_pack,warm,prompt_variant,any,areaTiling,How many tiles are inside?,prompt-areatiling-005.mp3,future/prompt/variant/prompt-areatiling-005.mp3,prompt_variant|areaTiling
prompt-areatiling-006,prompt.variant,strong_pack,warm,prompt_variant,any,areaTiling,Use the grid to find the total squares.,prompt-areatiling-006.mp3,future/prompt/variant/prompt-areatiling-006.mp3,prompt_variant|areaTiling
prompt-areatiling-007,prompt.variant,strong_pack,warm,prompt_variant,any,areaTiling,Each square is one unit. What is the area?,prompt-areatiling-007.mp3,future/prompt/variant/prompt-areatiling-007.mp3,prompt_variant|areaTiling
prompt-areatiling-008,prompt.variant,strong_pack,warm,prompt_variant,any,areaTiling,Which answer matches the tiled area?,prompt-areatiling-008.mp3,future/prompt/variant/prompt-areatiling-008.mp3,prompt_variant|areaTiling
vocab-spatial-001,vocabulary.spatial,must_have,clear,vocabulary,geometry,,circle,vocab-spatial-001.mp3,future/vocabulary/spatial/vocab-spatial-001.mp3,vocabulary|spatial
vocab-spatial-002,vocabulary.spatial,must_have,clear,vocabulary,geometry,,triangle,vocab-spatial-002.mp3,future/vocabulary/spatial/vocab-spatial-002.mp3,vocabulary|spatial
vocab-spatial-003,vocabulary.spatial,must_have,clear,vocabulary,geometry,,square,vocab-spatial-003.mp3,future/vocabulary/spatial/vocab-spatial-003.mp3,vocabulary|spatial
vocab-spatial-004,vocabulary.spatial,must_have,clear,vocabulary,geometry,,rectangle,vocab-spatial-004.mp3,future/vocabulary/spatial/vocab-spatial-004.mp3,vocabulary|spatial
vocab-spatial-005,vocabulary.spatial,must_have,clear,vocabulary,geometry,,oval,vocab-spatial-005.mp3,future/vocabulary/spatial/vocab-spatial-005.mp3,vocabulary|spatial
vocab-spatial-006,vocabulary.spatial,must_have,clear,vocabulary,geometry,,diamond,vocab-spatial-006.mp3,future/vocabulary/spatial/vocab-spatial-006.mp3,vocabulary|spatial
vocab-spatial-007,vocabulary.spatial,must_have,clear,vocabulary,geometry,,rhombus,vocab-spatial-007.mp3,future/vocabulary/spatial/vocab-spatial-007.mp3,vocabulary|spatial
vocab-spatial-008,vocabulary.spatial,must_have,clear,vocabulary,geometry,,trapezoid,vocab-spatial-008.mp3,future/vocabulary/spatial/vocab-spatial-008.mp3,vocabulary|spatial
vocab-spatial-009,vocabulary.spatial,must_have,clear,vocabulary,geometry,,pentagon,vocab-spatial-009.mp3,future/vocabulary/spatial/vocab-spatial-009.mp3,vocabulary|spatial
vocab-spatial-010,vocabulary.spatial,must_have,clear,vocabulary,geometry,,hexagon,vocab-spatial-010.mp3,future/vocabulary/spatial/vocab-spatial-010.mp3,vocabulary|spatial
vocab-spatial-011,vocabulary.spatial,must_have,clear,vocabulary,geometry,,octagon,vocab-spatial-011.mp3,future/vocabulary/spatial/vocab-spatial-011.mp3,vocabulary|spatial
vocab-spatial-012,vocabulary.spatial,must_have,clear,vocabulary,geometry,,cube,vocab-spatial-012.mp3,future/vocabulary/spatial/vocab-spatial-012.mp3,vocabulary|spatial
vocab-spatial-013,vocabulary.spatial,must_have,clear,vocabulary,geometry,,cone,vocab-spatial-013.mp3,future/vocabulary/spatial/vocab-spatial-013.mp3,vocabulary|spatial
vocab-spatial-014,vocabulary.spatial,must_have,clear,vocabulary,geometry,,cylinder,vocab-spatial-014.mp3,future/vocabulary/spatial/vocab-spatial-014.mp3,vocabulary|spatial
vocab-spatial-015,vocabulary.spatial,must_have,clear,vocabulary,geometry,,sphere,vocab-spatial-015.mp3,future/vocabulary/spatial/vocab-spatial-015.mp3,vocabulary|spatial
vocab-spatial-016,vocabulary.spatial,must_have,clear,vocabulary,geometry,,pyramid,vocab-spatial-016.mp3,future/vocabulary/spatial/vocab-spatial-016.mp3,vocabulary|spatial
vocab-spatial-017,vocabulary.spatial,must_have,clear,vocabulary,geometry,,rectangular prism,vocab-spatial-017.mp3,future/vocabulary/spatial/vocab-spatial-017.mp3,vocabulary|spatial
vocab-spatial-018,vocabulary.spatial,must_have,clear,vocabulary,geometry,,side,vocab-spatial-018.mp3,future/vocabulary/spatial/vocab-spatial-018.mp3,vocabulary|spatial
vocab-spatial-019,vocabulary.spatial,must_have,clear,vocabulary,geometry,,sides,vocab-spatial-019.mp3,future/vocabulary/spatial/vocab-spatial-019.mp3,vocabulary|spatial
vocab-spatial-020,vocabulary.spatial,must_have,clear,vocabulary,geometry,,corner,vocab-spatial-020.mp3,future/vocabulary/spatial/vocab-spatial-020.mp3,vocabulary|spatial
vocab-spatial-021,vocabulary.spatial,must_have,clear,vocabulary,geometry,,corners,vocab-spatial-021.mp3,future/vocabulary/spatial/vocab-spatial-021.mp3,vocabulary|spatial
vocab-spatial-022,vocabulary.spatial,must_have,clear,vocabulary,geometry,,angle,vocab-spatial-022.mp3,future/vocabulary/spatial/vocab-spatial-022.mp3,vocabulary|spatial
vocab-spatial-023,vocabulary.spatial,must_have,clear,vocabulary,geometry,,angles,vocab-spatial-023.mp3,future/vocabulary/spatial/vocab-spatial-023.mp3,vocabulary|spatial
vocab-spatial-024,vocabulary.spatial,must_have,clear,vocabulary,geometry,,face,vocab-spatial-024.mp3,future/vocabulary/spatial/vocab-spatial-024.mp3,vocabulary|spatial
vocab-spatial-025,vocabulary.spatial,must_have,clear,vocabulary,geometry,,faces,vocab-spatial-025.mp3,future/vocabulary/spatial/vocab-spatial-025.mp3,vocabulary|spatial
vocab-spatial-026,vocabulary.spatial,must_have,clear,vocabulary,geometry,,edge,vocab-spatial-026.mp3,future/vocabulary/spatial/vocab-spatial-026.mp3,vocabulary|spatial
vocab-spatial-027,vocabulary.spatial,must_have,clear,vocabulary,geometry,,edges,vocab-spatial-027.mp3,future/vocabulary/spatial/vocab-spatial-027.mp3,vocabulary|spatial
vocab-spatial-028,vocabulary.spatial,must_have,clear,vocabulary,geometry,,vertex,vocab-spatial-028.mp3,future/vocabulary/spatial/vocab-spatial-028.mp3,vocabulary|spatial
vocab-spatial-029,vocabulary.spatial,must_have,clear,vocabulary,geometry,,vertices,vocab-spatial-029.mp3,future/vocabulary/spatial/vocab-spatial-029.mp3,vocabulary|spatial
vocab-spatial-030,vocabulary.spatial,must_have,clear,vocabulary,geometry,,flat,vocab-spatial-030.mp3,future/vocabulary/spatial/vocab-spatial-030.mp3,vocabulary|spatial
vocab-spatial-031,vocabulary.spatial,must_have,clear,vocabulary,geometry,,curved,vocab-spatial-031.mp3,future/vocabulary/spatial/vocab-spatial-031.mp3,vocabulary|spatial
vocab-spatial-032,vocabulary.spatial,must_have,clear,vocabulary,geometry,,round,vocab-spatial-032.mp3,future/vocabulary/spatial/vocab-spatial-032.mp3,vocabulary|spatial
vocab-spatial-033,vocabulary.spatial,must_have,clear,vocabulary,geometry,,point,vocab-spatial-033.mp3,future/vocabulary/spatial/vocab-spatial-033.mp3,vocabulary|spatial
vocab-spatial-034,vocabulary.spatial,must_have,clear,vocabulary,geometry,,points,vocab-spatial-034.mp3,future/vocabulary/spatial/vocab-spatial-034.mp3,vocabulary|spatial
vocab-spatial-035,vocabulary.spatial,must_have,clear,vocabulary,geometry,,equal sides,vocab-spatial-035.mp3,future/vocabulary/spatial/vocab-spatial-035.mp3,vocabulary|spatial
vocab-spatial-036,vocabulary.spatial,must_have,clear,vocabulary,geometry,,parallel sides,vocab-spatial-036.mp3,future/vocabulary/spatial/vocab-spatial-036.mp3,vocabulary|spatial
vocab-spatial-037,vocabulary.spatial,must_have,clear,vocabulary,geometry,,above,vocab-spatial-037.mp3,future/vocabulary/spatial/vocab-spatial-037.mp3,vocabulary|spatial
vocab-spatial-038,vocabulary.spatial,must_have,clear,vocabulary,geometry,,below,vocab-spatial-038.mp3,future/vocabulary/spatial/vocab-spatial-038.mp3,vocabulary|spatial
vocab-spatial-039,vocabulary.spatial,must_have,clear,vocabulary,geometry,,left,vocab-spatial-039.mp3,future/vocabulary/spatial/vocab-spatial-039.mp3,vocabulary|spatial
vocab-spatial-040,vocabulary.spatial,must_have,clear,vocabulary,geometry,,right,vocab-spatial-040.mp3,future/vocabulary/spatial/vocab-spatial-040.mp3,vocabulary|spatial
vocab-spatial-041,vocabulary.spatial,must_have,clear,vocabulary,geometry,,beside,vocab-spatial-041.mp3,future/vocabulary/spatial/vocab-spatial-041.mp3,vocabulary|spatial
vocab-spatial-042,vocabulary.spatial,must_have,clear,vocabulary,geometry,,between,vocab-spatial-042.mp3,future/vocabulary/spatial/vocab-spatial-042.mp3,vocabulary|spatial
vocab-spatial-043,vocabulary.spatial,must_have,clear,vocabulary,geometry,,inside,vocab-spatial-043.mp3,future/vocabulary/spatial/vocab-spatial-043.mp3,vocabulary|spatial
vocab-spatial-044,vocabulary.spatial,must_have,clear,vocabulary,geometry,,outside,vocab-spatial-044.mp3,future/vocabulary/spatial/vocab-spatial-044.mp3,vocabulary|spatial
vocab-spatial-045,vocabulary.spatial,must_have,clear,vocabulary,geometry,,next to,vocab-spatial-045.mp3,future/vocabulary/spatial/vocab-spatial-045.mp3,vocabulary|spatial
vocab-spatial-046,vocabulary.spatial,must_have,clear,vocabulary,geometry,,under,vocab-spatial-046.mp3,future/vocabulary/spatial/vocab-spatial-046.mp3,vocabulary|spatial
vocab-spatial-047,vocabulary.spatial,must_have,clear,vocabulary,geometry,,over,vocab-spatial-047.mp3,future/vocabulary/spatial/vocab-spatial-047.mp3,vocabulary|spatial
vocab-spatial-048,vocabulary.spatial,must_have,clear,vocabulary,geometry,,near,vocab-spatial-048.mp3,future/vocabulary/spatial/vocab-spatial-048.mp3,vocabulary|spatial
vocab-spatial-049,vocabulary.spatial,must_have,clear,vocabulary,geometry,,far,vocab-spatial-049.mp3,future/vocabulary/spatial/vocab-spatial-049.mp3,vocabulary|spatial
vocab-spatial-050,vocabulary.spatial,must_have,clear,vocabulary,geometry,,same,vocab-spatial-050.mp3,future/vocabulary/spatial/vocab-spatial-050.mp3,vocabulary|spatial
vocab-spatial-051,vocabulary.spatial,must_have,clear,vocabulary,geometry,,different,vocab-spatial-051.mp3,future/vocabulary/spatial/vocab-spatial-051.mp3,vocabulary|spatial
vocab-spatial-052,vocabulary.spatial,must_have,clear,vocabulary,geometry,,match,vocab-spatial-052.mp3,future/vocabulary/spatial/vocab-spatial-052.mp3,vocabulary|spatial
vocab-spatial-053,vocabulary.spatial,must_have,clear,vocabulary,geometry,,turn,vocab-spatial-053.mp3,future/vocabulary/spatial/vocab-spatial-053.mp3,vocabulary|spatial
vocab-spatial-054,vocabulary.spatial,must_have,clear,vocabulary,geometry,,rotate,vocab-spatial-054.mp3,future/vocabulary/spatial/vocab-spatial-054.mp3,vocabulary|spatial
vocab-spatial-055,vocabulary.spatial,must_have,clear,vocabulary,geometry,,flip,vocab-spatial-055.mp3,future/vocabulary/spatial/vocab-spatial-055.mp3,vocabulary|spatial
vocab-spatial-056,vocabulary.spatial,must_have,clear,vocabulary,geometry,,slide,vocab-spatial-056.mp3,future/vocabulary/spatial/vocab-spatial-056.mp3,vocabulary|spatial
vocab-spatial-057,vocabulary.spatial,must_have,clear,vocabulary,geometry,,mirror,vocab-spatial-057.mp3,future/vocabulary/spatial/vocab-spatial-057.mp3,vocabulary|spatial
vocab-spatial-058,vocabulary.spatial,must_have,clear,vocabulary,geometry,,symmetry,vocab-spatial-058.mp3,future/vocabulary/spatial/vocab-spatial-058.mp3,vocabulary|spatial
vocab-spatial-059,vocabulary.spatial,must_have,clear,vocabulary,geometry,,half,vocab-spatial-059.mp3,future/vocabulary/spatial/vocab-spatial-059.mp3,vocabulary|spatial
vocab-spatial-060,vocabulary.spatial,must_have,clear,vocabulary,geometry,,whole,vocab-spatial-060.mp3,future/vocabulary/spatial/vocab-spatial-060.mp3,vocabulary|spatial
vocab-spatial-061,vocabulary.spatial,must_have,clear,vocabulary,geometry,,row,vocab-spatial-061.mp3,future/vocabulary/spatial/vocab-spatial-061.mp3,vocabulary|spatial
vocab-spatial-062,vocabulary.spatial,must_have,clear,vocabulary,geometry,,column,vocab-spatial-062.mp3,future/vocabulary/spatial/vocab-spatial-062.mp3,vocabulary|spatial
vocab-spatial-063,vocabulary.spatial,must_have,clear,vocabulary,geometry,,grid,vocab-spatial-063.mp3,future/vocabulary/spatial/vocab-spatial-063.mp3,vocabulary|spatial
vocab-spatial-064,vocabulary.spatial,must_have,clear,vocabulary,geometry,,path,vocab-spatial-064.mp3,future/vocabulary/spatial/vocab-spatial-064.mp3,vocabulary|spatial
vocab-spatial-065,vocabulary.spatial,must_have,clear,vocabulary,geometry,,clockwise,vocab-spatial-065.mp3,future/vocabulary/spatial/vocab-spatial-065.mp3,vocabulary|spatial
vocab-spatial-066,vocabulary.spatial,must_have,clear,vocabulary,geometry,,counterclockwise,vocab-spatial-066.mp3,future/vocabulary/spatial/vocab-spatial-066.mp3,vocabulary|spatial
vocab-spatial-067,vocabulary.spatial,must_have,clear,vocabulary,geometry,,fold,vocab-spatial-067.mp3,future/vocabulary/spatial/vocab-spatial-067.mp3,vocabulary|spatial
vocab-spatial-068,vocabulary.spatial,must_have,clear,vocabulary,geometry,,net,vocab-spatial-068.mp3,future/vocabulary/spatial/vocab-spatial-068.mp3,vocabulary|spatial
vocab-spatial-069,vocabulary.spatial,must_have,clear,vocabulary,geometry,,opposite,vocab-spatial-069.mp3,future/vocabulary/spatial/vocab-spatial-069.mp3,vocabulary|spatial
vocab-spatial-070,vocabulary.spatial,must_have,clear,vocabulary,geometry,,adjacent,vocab-spatial-070.mp3,future/vocabulary/spatial/vocab-spatial-070.mp3,vocabulary|spatial
vocab-spatial-071,vocabulary.spatial,must_have,clear,vocabulary,geometry,,top,vocab-spatial-071.mp3,future/vocabulary/spatial/vocab-spatial-071.mp3,vocabulary|spatial
vocab-spatial-072,vocabulary.spatial,must_have,clear,vocabulary,geometry,,bottom,vocab-spatial-072.mp3,future/vocabulary/spatial/vocab-spatial-072.mp3,vocabulary|spatial
vocab-spatial-073,vocabulary.spatial,must_have,clear,vocabulary,geometry,,front,vocab-spatial-073.mp3,future/vocabulary/spatial/vocab-spatial-073.mp3,vocabulary|spatial
vocab-spatial-074,vocabulary.spatial,must_have,clear,vocabulary,geometry,,back,vocab-spatial-074.mp3,future/vocabulary/spatial/vocab-spatial-074.mp3,vocabulary|spatial
audio-sp-shape-hunt-001,question.spatial,strong_pack,playful,question,geometry,shapeHunt,"On the star map, tap every circle in the scene. How many should you find?",audio-sp-shape-hunt-001.mp3,future/question/spatial/audio-sp-shape-hunt-001.mp3,question|spatial|kSpatialShapeHunt|shapeHunt
audio-sp-shape-hunt-002,question.spatial,strong_pack,playful,question,geometry,shapeHunt,"On the garden board, find all the triangles. How many are hiding?",audio-sp-shape-hunt-002.mp3,future/question/spatial/audio-sp-shape-hunt-002.mp3,question|spatial|kSpatialShapeHunt|shapeHunt
audio-sp-shape-hunt-003,question.spatial,strong_pack,playful,question,geometry,shapeHunt,"On the treasure path, look across the scene and count each square.",audio-sp-shape-hunt-003.mp3,future/question/spatial/audio-sp-shape-hunt-003.mp3,question|spatial|kSpatialShapeHunt|shapeHunt
audio-sp-shape-hunt-004,question.spatial,strong_pack,playful,question,geometry,shapeHunt,"On the reef picture, which count matches all the rectangles in the picture?",audio-sp-shape-hunt-004.mp3,future/question/spatial/audio-sp-shape-hunt-004.mp3,question|spatial|kSpatialShapeHunt|shapeHunt
audio-sp-shape-hunt-005,question.spatial,strong_pack,playful,question,geometry,shapeHunt,"On the candy trail, search the scene. How many ovals are there?",audio-sp-shape-hunt-005.mp3,future/question/spatial/audio-sp-shape-hunt-005.mp3,question|spatial|kSpatialShapeHunt|shapeHunt
audio-sp-shape-hunt-006,question.spatial,strong_pack,playful,question,geometry,shapeHunt,"On the rocket panel, tap every diamond in the scene. How many should you find?",audio-sp-shape-hunt-006.mp3,future/question/spatial/audio-sp-shape-hunt-006.mp3,question|spatial|kSpatialShapeHunt|shapeHunt
audio-sp-shape-hunt-007,question.spatial,strong_pack,playful,question,geometry,shapeHunt,"On the rainbow mat, find all the rhombuss. How many are hiding?",audio-sp-shape-hunt-007.mp3,future/question/spatial/audio-sp-shape-hunt-007.mp3,question|spatial|kSpatialShapeHunt|shapeHunt
audio-sp-shape-hunt-008,question.spatial,strong_pack,playful,question,geometry,shapeHunt,"On the puzzle shelf, look across the scene and count each trapezoid.",audio-sp-shape-hunt-008.mp3,future/question/spatial/audio-sp-shape-hunt-008.mp3,question|spatial|kSpatialShapeHunt|shapeHunt
audio-sp-shape-hunt-009,question.spatial,strong_pack,playful,question,geometry,shapeHunt,"On the number meadow, which count matches all the pentagons in the picture?",audio-sp-shape-hunt-009.mp3,future/question/spatial/audio-sp-shape-hunt-009.mp3,question|spatial|kSpatialShapeHunt|shapeHunt
audio-sp-shape-hunt-010,question.spatial,strong_pack,playful,question,geometry,shapeHunt,"On the shape station, search the scene. How many hexagons are there?",audio-sp-shape-hunt-010.mp3,future/question/spatial/audio-sp-shape-hunt-010.mp3,question|spatial|kSpatialShapeHunt|shapeHunt
audio-sp-shape-hunt-011,question.spatial,strong_pack,playful,question,geometry,shapeHunt,"On the sticker scene, tap every circle in the scene. How many should you find?",audio-sp-shape-hunt-011.mp3,future/question/spatial/audio-sp-shape-hunt-011.mp3,question|spatial|kSpatialShapeHunt|shapeHunt
audio-sp-shape-hunt-012,question.spatial,strong_pack,playful,question,geometry,shapeHunt,"On the playroom grid, find all the triangles. How many are hiding?",audio-sp-shape-hunt-012.mp3,future/question/spatial/audio-sp-shape-hunt-012.mp3,question|spatial|kSpatialShapeHunt|shapeHunt
audio-sp-shape-hunt-013,question.spatial,strong_pack,playful,question,geometry,shapeHunt,"On the mountain path, look across the scene and count each square.",audio-sp-shape-hunt-013.mp3,future/question/spatial/audio-sp-shape-hunt-013.mp3,question|spatial|kSpatialShapeHunt|shapeHunt
audio-sp-shape-hunt-014,question.spatial,strong_pack,playful,question,geometry,shapeHunt,"On the beach board, which count matches all the rectangles in the picture?",audio-sp-shape-hunt-014.mp3,future/question/spatial/audio-sp-shape-hunt-014.mp3,question|spatial|kSpatialShapeHunt|shapeHunt
audio-sp-shape-hunt-015,question.spatial,strong_pack,playful,question,geometry,shapeHunt,"On the forest map, search the scene. How many ovals are there?",audio-sp-shape-hunt-015.mp3,future/question/spatial/audio-sp-shape-hunt-015.mp3,question|spatial|kSpatialShapeHunt|shapeHunt
audio-sp-shape-hunt-016,question.spatial,strong_pack,playful,question,geometry,shapeHunt,"On the classroom chart, tap every diamond in the scene. How many should you find?",audio-sp-shape-hunt-016.mp3,future/question/spatial/audio-sp-shape-hunt-016.mp3,question|spatial|kSpatialShapeHunt|shapeHunt
audio-sp-shape-hunt-017,question.spatial,strong_pack,playful,question,geometry,shapeHunt,"On the festival board, find all the rhombuss. How many are hiding?",audio-sp-shape-hunt-017.mp3,future/question/spatial/audio-sp-shape-hunt-017.mp3,question|spatial|kSpatialShapeHunt|shapeHunt
audio-sp-shape-hunt-018,question.spatial,strong_pack,playful,question,geometry,shapeHunt,"On the star map, look across the scene and count each trapezoid.",audio-sp-shape-hunt-018.mp3,future/question/spatial/audio-sp-shape-hunt-018.mp3,question|spatial|kSpatialShapeHunt|shapeHunt
audio-sp-shape-hunt-019,question.spatial,strong_pack,playful,question,geometry,shapeHunt,"On the garden board, which count matches all the pentagons in the picture?",audio-sp-shape-hunt-019.mp3,future/question/spatial/audio-sp-shape-hunt-019.mp3,question|spatial|kSpatialShapeHunt|shapeHunt
audio-sp-shape-hunt-020,question.spatial,strong_pack,playful,question,geometry,shapeHunt,"On the treasure path, search the scene. How many hexagons are there?",audio-sp-shape-hunt-020.mp3,future/question/spatial/audio-sp-shape-hunt-020.mp3,question|spatial|kSpatialShapeHunt|shapeHunt
audio-sp-shape-hunt-021,question.spatial,strong_pack,playful,question,geometry,shapeHunt,"On the reef picture, tap every circle in the scene. How many should you find?",audio-sp-shape-hunt-021.mp3,future/question/spatial/audio-sp-shape-hunt-021.mp3,question|spatial|kSpatialShapeHunt|shapeHunt
audio-sp-shape-hunt-022,question.spatial,strong_pack,playful,question,geometry,shapeHunt,"On the candy trail, find all the triangles. How many are hiding?",audio-sp-shape-hunt-022.mp3,future/question/spatial/audio-sp-shape-hunt-022.mp3,question|spatial|kSpatialShapeHunt|shapeHunt
audio-sp-shape-hunt-023,question.spatial,strong_pack,playful,question,geometry,shapeHunt,"On the rocket panel, look across the scene and count each square.",audio-sp-shape-hunt-023.mp3,future/question/spatial/audio-sp-shape-hunt-023.mp3,question|spatial|kSpatialShapeHunt|shapeHunt
audio-sp-shape-hunt-024,question.spatial,strong_pack,playful,question,geometry,shapeHunt,"On the rainbow mat, which count matches all the rectangles in the picture?",audio-sp-shape-hunt-024.mp3,future/question/spatial/audio-sp-shape-hunt-024.mp3,question|spatial|kSpatialShapeHunt|shapeHunt
audio-sp-shape-hunt-025,question.spatial,strong_pack,playful,question,geometry,shapeHunt,"On the puzzle shelf, search the scene. How many ovals are there?",audio-sp-shape-hunt-025.mp3,future/question/spatial/audio-sp-shape-hunt-025.mp3,question|spatial|kSpatialShapeHunt|shapeHunt
audio-sp-shape-hunt-026,question.spatial,strong_pack,playful,question,geometry,shapeHunt,"On the number meadow, tap every diamond in the scene. How many should you find?",audio-sp-shape-hunt-026.mp3,future/question/spatial/audio-sp-shape-hunt-026.mp3,question|spatial|kSpatialShapeHunt|shapeHunt
audio-sp-shape-hunt-027,question.spatial,strong_pack,playful,question,geometry,shapeHunt,"On the shape station, find all the rhombuss. How many are hiding?",audio-sp-shape-hunt-027.mp3,future/question/spatial/audio-sp-shape-hunt-027.mp3,question|spatial|kSpatialShapeHunt|shapeHunt
audio-sp-shape-hunt-028,question.spatial,strong_pack,playful,question,geometry,shapeHunt,"On the sticker scene, look across the scene and count each trapezoid.",audio-sp-shape-hunt-028.mp3,future/question/spatial/audio-sp-shape-hunt-028.mp3,question|spatial|kSpatialShapeHunt|shapeHunt
audio-sp-shape-hunt-029,question.spatial,strong_pack,playful,question,geometry,shapeHunt,"On the playroom grid, which count matches all the pentagons in the picture?",audio-sp-shape-hunt-029.mp3,future/question/spatial/audio-sp-shape-hunt-029.mp3,question|spatial|kSpatialShapeHunt|shapeHunt
audio-sp-shape-hunt-030,question.spatial,strong_pack,playful,question,geometry,shapeHunt,"On the mountain path, search the scene. How many hexagons are there?",audio-sp-shape-hunt-030.mp3,future/question/spatial/audio-sp-shape-hunt-030.mp3,question|spatial|kSpatialShapeHunt|shapeHunt
audio-sp-shape-hunt-031,question.spatial,strong_pack,playful,question,geometry,shapeHunt,"On the beach board, tap every circle in the scene. How many should you find?",audio-sp-shape-hunt-031.mp3,future/question/spatial/audio-sp-shape-hunt-031.mp3,question|spatial|kSpatialShapeHunt|shapeHunt
audio-sp-shape-hunt-032,question.spatial,strong_pack,playful,question,geometry,shapeHunt,"On the forest map, find all the triangles. How many are hiding?",audio-sp-shape-hunt-032.mp3,future/question/spatial/audio-sp-shape-hunt-032.mp3,question|spatial|kSpatialShapeHunt|shapeHunt
audio-sp-shape-hunt-033,question.spatial,strong_pack,playful,question,geometry,shapeHunt,"On the classroom chart, look across the scene and count each square.",audio-sp-shape-hunt-033.mp3,future/question/spatial/audio-sp-shape-hunt-033.mp3,question|spatial|kSpatialShapeHunt|shapeHunt
audio-sp-shape-hunt-034,question.spatial,strong_pack,playful,question,geometry,shapeHunt,"On the festival board, which count matches all the rectangles in the picture?",audio-sp-shape-hunt-034.mp3,future/question/spatial/audio-sp-shape-hunt-034.mp3,question|spatial|kSpatialShapeHunt|shapeHunt
audio-sp-shape-hunt-035,question.spatial,strong_pack,playful,question,geometry,shapeHunt,"On the star map, search the scene. How many ovals are there?",audio-sp-shape-hunt-035.mp3,future/question/spatial/audio-sp-shape-hunt-035.mp3,question|spatial|kSpatialShapeHunt|shapeHunt
audio-sp-shape-hunt-036,question.spatial,strong_pack,playful,question,geometry,shapeHunt,"On the garden board, tap every diamond in the scene. How many should you find?",audio-sp-shape-hunt-036.mp3,future/question/spatial/audio-sp-shape-hunt-036.mp3,question|spatial|kSpatialShapeHunt|shapeHunt
audio-sp-shape-hunt-037,question.spatial,strong_pack,playful,question,geometry,shapeHunt,"On the treasure path, find all the rhombuss. How many are hiding?",audio-sp-shape-hunt-037.mp3,future/question/spatial/audio-sp-shape-hunt-037.mp3,question|spatial|kSpatialShapeHunt|shapeHunt
audio-sp-shape-hunt-038,question.spatial,strong_pack,playful,question,geometry,shapeHunt,"On the reef picture, look across the scene and count each trapezoid.",audio-sp-shape-hunt-038.mp3,future/question/spatial/audio-sp-shape-hunt-038.mp3,question|spatial|kSpatialShapeHunt|shapeHunt
audio-sp-shape-hunt-039,question.spatial,strong_pack,playful,question,geometry,shapeHunt,"On the candy trail, which count matches all the pentagons in the picture?",audio-sp-shape-hunt-039.mp3,future/question/spatial/audio-sp-shape-hunt-039.mp3,question|spatial|kSpatialShapeHunt|shapeHunt
audio-sp-shape-hunt-040,question.spatial,strong_pack,playful,question,geometry,shapeHunt,"On the rocket panel, search the scene. How many hexagons are there?",audio-sp-shape-hunt-040.mp3,future/question/spatial/audio-sp-shape-hunt-040.mp3,question|spatial|kSpatialShapeHunt|shapeHunt
audio-sp-shape-hunt-041,question.spatial,strong_pack,playful,question,geometry,shapeHunt,"On the rainbow mat, tap every circle in the scene. How many should you find?",audio-sp-shape-hunt-041.mp3,future/question/spatial/audio-sp-shape-hunt-041.mp3,question|spatial|kSpatialShapeHunt|shapeHunt
audio-sp-shape-hunt-042,question.spatial,strong_pack,playful,question,geometry,shapeHunt,"On the puzzle shelf, find all the triangles. How many are hiding?",audio-sp-shape-hunt-042.mp3,future/question/spatial/audio-sp-shape-hunt-042.mp3,question|spatial|kSpatialShapeHunt|shapeHunt
audio-sp-shape-hunt-043,question.spatial,strong_pack,playful,question,geometry,shapeHunt,"On the number meadow, look across the scene and count each square.",audio-sp-shape-hunt-043.mp3,future/question/spatial/audio-sp-shape-hunt-043.mp3,question|spatial|kSpatialShapeHunt|shapeHunt
audio-sp-shape-hunt-044,question.spatial,strong_pack,playful,question,geometry,shapeHunt,"On the shape station, which count matches all the rectangles in the picture?",audio-sp-shape-hunt-044.mp3,future/question/spatial/audio-sp-shape-hunt-044.mp3,question|spatial|kSpatialShapeHunt|shapeHunt
audio-sp-shape-hunt-045,question.spatial,strong_pack,playful,question,geometry,shapeHunt,"On the sticker scene, search the scene. How many ovals are there?",audio-sp-shape-hunt-045.mp3,future/question/spatial/audio-sp-shape-hunt-045.mp3,question|spatial|kSpatialShapeHunt|shapeHunt
audio-sp-shape-hunt-046,question.spatial,strong_pack,playful,question,geometry,shapeHunt,"On the playroom grid, tap every diamond in the scene. How many should you find?",audio-sp-shape-hunt-046.mp3,future/question/spatial/audio-sp-shape-hunt-046.mp3,question|spatial|kSpatialShapeHunt|shapeHunt
audio-sp-shape-hunt-047,question.spatial,strong_pack,playful,question,geometry,shapeHunt,"On the mountain path, find all the rhombuss. How many are hiding?",audio-sp-shape-hunt-047.mp3,future/question/spatial/audio-sp-shape-hunt-047.mp3,question|spatial|kSpatialShapeHunt|shapeHunt
audio-sp-shape-hunt-048,question.spatial,strong_pack,playful,question,geometry,shapeHunt,"On the beach board, look across the scene and count each trapezoid.",audio-sp-shape-hunt-048.mp3,future/question/spatial/audio-sp-shape-hunt-048.mp3,question|spatial|kSpatialShapeHunt|shapeHunt
audio-sp-shape-hunt-049,question.spatial,strong_pack,playful,question,geometry,shapeHunt,"On the forest map, which count matches all the pentagons in the picture?",audio-sp-shape-hunt-049.mp3,future/question/spatial/audio-sp-shape-hunt-049.mp3,question|spatial|kSpatialShapeHunt|shapeHunt
audio-sp-shape-hunt-050,question.spatial,strong_pack,playful,question,geometry,shapeHunt,"On the classroom chart, search the scene. How many hexagons are there?",audio-sp-shape-hunt-050.mp3,future/question/spatial/audio-sp-shape-hunt-050.mp3,question|spatial|kSpatialShapeHunt|shapeHunt
audio-sp-shape-hunt-051,question.spatial,strong_pack,playful,question,geometry,shapeHunt,"On the festival board, tap every circle in the scene. How many should you find?",audio-sp-shape-hunt-051.mp3,future/question/spatial/audio-sp-shape-hunt-051.mp3,question|spatial|kSpatialShapeHunt|shapeHunt
audio-sp-shape-hunt-052,question.spatial,strong_pack,playful,question,geometry,shapeHunt,"On the star map, find all the triangles. How many are hiding?",audio-sp-shape-hunt-052.mp3,future/question/spatial/audio-sp-shape-hunt-052.mp3,question|spatial|kSpatialShapeHunt|shapeHunt
audio-sp-shape-hunt-053,question.spatial,strong_pack,playful,question,geometry,shapeHunt,"On the garden board, look across the scene and count each square.",audio-sp-shape-hunt-053.mp3,future/question/spatial/audio-sp-shape-hunt-053.mp3,question|spatial|kSpatialShapeHunt|shapeHunt
audio-sp-shape-hunt-054,question.spatial,strong_pack,playful,question,geometry,shapeHunt,"On the treasure path, which count matches all the rectangles in the picture?",audio-sp-shape-hunt-054.mp3,future/question/spatial/audio-sp-shape-hunt-054.mp3,question|spatial|kSpatialShapeHunt|shapeHunt
audio-sp-shape-hunt-055,question.spatial,strong_pack,playful,question,geometry,shapeHunt,"On the reef picture, search the scene. How many ovals are there?",audio-sp-shape-hunt-055.mp3,future/question/spatial/audio-sp-shape-hunt-055.mp3,question|spatial|kSpatialShapeHunt|shapeHunt
audio-sp-shape-hunt-056,question.spatial,strong_pack,playful,question,geometry,shapeHunt,"On the candy trail, tap every diamond in the scene. How many should you find?",audio-sp-shape-hunt-056.mp3,future/question/spatial/audio-sp-shape-hunt-056.mp3,question|spatial|kSpatialShapeHunt|shapeHunt
audio-sp-shape-hunt-057,question.spatial,strong_pack,playful,question,geometry,shapeHunt,"On the rocket panel, find all the rhombuss. How many are hiding?",audio-sp-shape-hunt-057.mp3,future/question/spatial/audio-sp-shape-hunt-057.mp3,question|spatial|kSpatialShapeHunt|shapeHunt
audio-sp-shape-hunt-058,question.spatial,strong_pack,playful,question,geometry,shapeHunt,"On the rainbow mat, look across the scene and count each trapezoid.",audio-sp-shape-hunt-058.mp3,future/question/spatial/audio-sp-shape-hunt-058.mp3,question|spatial|kSpatialShapeHunt|shapeHunt
audio-sp-shape-hunt-059,question.spatial,strong_pack,playful,question,geometry,shapeHunt,"On the puzzle shelf, which count matches all the pentagons in the picture?",audio-sp-shape-hunt-059.mp3,future/question/spatial/audio-sp-shape-hunt-059.mp3,question|spatial|kSpatialShapeHunt|shapeHunt
audio-sp-shape-hunt-060,question.spatial,strong_pack,playful,question,geometry,shapeHunt,"On the number meadow, search the scene. How many hexagons are there?",audio-sp-shape-hunt-060.mp3,future/question/spatial/audio-sp-shape-hunt-060.mp3,question|spatial|kSpatialShapeHunt|shapeHunt
audio-sp-shape-hunt-061,question.spatial,strong_pack,playful,question,geometry,shapeHunt,"On the shape station, tap every circle in the scene. How many should you find?",audio-sp-shape-hunt-061.mp3,future/question/spatial/audio-sp-shape-hunt-061.mp3,question|spatial|kSpatialShapeHunt|shapeHunt
audio-sp-shape-hunt-062,question.spatial,strong_pack,playful,question,geometry,shapeHunt,"On the sticker scene, find all the triangles. How many are hiding?",audio-sp-shape-hunt-062.mp3,future/question/spatial/audio-sp-shape-hunt-062.mp3,question|spatial|kSpatialShapeHunt|shapeHunt
audio-sp-shape-hunt-063,question.spatial,strong_pack,playful,question,geometry,shapeHunt,"On the playroom grid, look across the scene and count each square.",audio-sp-shape-hunt-063.mp3,future/question/spatial/audio-sp-shape-hunt-063.mp3,question|spatial|kSpatialShapeHunt|shapeHunt
audio-sp-shape-hunt-064,question.spatial,strong_pack,playful,question,geometry,shapeHunt,"On the mountain path, which count matches all the rectangles in the picture?",audio-sp-shape-hunt-064.mp3,future/question/spatial/audio-sp-shape-hunt-064.mp3,question|spatial|kSpatialShapeHunt|shapeHunt
audio-sp-shape-hunt-065,question.spatial,strong_pack,playful,question,geometry,shapeHunt,"On the beach board, search the scene. How many ovals are there?",audio-sp-shape-hunt-065.mp3,future/question/spatial/audio-sp-shape-hunt-065.mp3,question|spatial|kSpatialShapeHunt|shapeHunt
audio-sp-shape-hunt-066,question.spatial,strong_pack,playful,question,geometry,shapeHunt,"On the forest map, tap every diamond in the scene. How many should you find?",audio-sp-shape-hunt-066.mp3,future/question/spatial/audio-sp-shape-hunt-066.mp3,question|spatial|kSpatialShapeHunt|shapeHunt
audio-sp-shape-hunt-067,question.spatial,strong_pack,playful,question,geometry,shapeHunt,"On the classroom chart, find all the rhombuss. How many are hiding?",audio-sp-shape-hunt-067.mp3,future/question/spatial/audio-sp-shape-hunt-067.mp3,question|spatial|kSpatialShapeHunt|shapeHunt
audio-sp-shape-hunt-068,question.spatial,strong_pack,playful,question,geometry,shapeHunt,"On the festival board, look across the scene and count each trapezoid.",audio-sp-shape-hunt-068.mp3,future/question/spatial/audio-sp-shape-hunt-068.mp3,question|spatial|kSpatialShapeHunt|shapeHunt
audio-sp-shape-hunt-069,question.spatial,strong_pack,playful,question,geometry,shapeHunt,"On the star map, which count matches all the pentagons in the picture?",audio-sp-shape-hunt-069.mp3,future/question/spatial/audio-sp-shape-hunt-069.mp3,question|spatial|kSpatialShapeHunt|shapeHunt
audio-sp-shape-hunt-070,question.spatial,strong_pack,playful,question,geometry,shapeHunt,"On the garden board, search the scene. How many hexagons are there?",audio-sp-shape-hunt-070.mp3,future/question/spatial/audio-sp-shape-hunt-070.mp3,question|spatial|kSpatialShapeHunt|shapeHunt
audio-sp-shape-hunt-071,question.spatial,strong_pack,playful,question,geometry,shapeHunt,"On the treasure path, tap every circle in the scene. How many should you find?",audio-sp-shape-hunt-071.mp3,future/question/spatial/audio-sp-shape-hunt-071.mp3,question|spatial|kSpatialShapeHunt|shapeHunt
audio-sp-shape-hunt-072,question.spatial,strong_pack,playful,question,geometry,shapeHunt,"On the reef picture, find all the triangles. How many are hiding?",audio-sp-shape-hunt-072.mp3,future/question/spatial/audio-sp-shape-hunt-072.mp3,question|spatial|kSpatialShapeHunt|shapeHunt
audio-sp-shape-hunt-073,question.spatial,strong_pack,playful,question,geometry,shapeHunt,"On the candy trail, look across the scene and count each square.",audio-sp-shape-hunt-073.mp3,future/question/spatial/audio-sp-shape-hunt-073.mp3,question|spatial|kSpatialShapeHunt|shapeHunt
audio-sp-shape-hunt-074,question.spatial,strong_pack,playful,question,geometry,shapeHunt,"On the rocket panel, which count matches all the rectangles in the picture?",audio-sp-shape-hunt-074.mp3,future/question/spatial/audio-sp-shape-hunt-074.mp3,question|spatial|kSpatialShapeHunt|shapeHunt
audio-sp-shape-hunt-075,question.spatial,strong_pack,playful,question,geometry,shapeHunt,"On the rainbow mat, search the scene. How many ovals are there?",audio-sp-shape-hunt-075.mp3,future/question/spatial/audio-sp-shape-hunt-075.mp3,question|spatial|kSpatialShapeHunt|shapeHunt
audio-sp-shape-hunt-076,question.spatial,strong_pack,playful,question,geometry,shapeHunt,"On the puzzle shelf, tap every diamond in the scene. How many should you find?",audio-sp-shape-hunt-076.mp3,future/question/spatial/audio-sp-shape-hunt-076.mp3,question|spatial|kSpatialShapeHunt|shapeHunt
audio-sp-shape-hunt-077,question.spatial,strong_pack,playful,question,geometry,shapeHunt,"On the number meadow, find all the rhombuss. How many are hiding?",audio-sp-shape-hunt-077.mp3,future/question/spatial/audio-sp-shape-hunt-077.mp3,question|spatial|kSpatialShapeHunt|shapeHunt
audio-sp-shape-hunt-078,question.spatial,strong_pack,playful,question,geometry,shapeHunt,"On the shape station, look across the scene and count each trapezoid.",audio-sp-shape-hunt-078.mp3,future/question/spatial/audio-sp-shape-hunt-078.mp3,question|spatial|kSpatialShapeHunt|shapeHunt
audio-sp-shape-hunt-079,question.spatial,strong_pack,playful,question,geometry,shapeHunt,"On the sticker scene, which count matches all the pentagons in the picture?",audio-sp-shape-hunt-079.mp3,future/question/spatial/audio-sp-shape-hunt-079.mp3,question|spatial|kSpatialShapeHunt|shapeHunt
audio-sp-shape-hunt-080,question.spatial,strong_pack,playful,question,geometry,shapeHunt,"On the playroom grid, search the scene. How many hexagons are there?",audio-sp-shape-hunt-080.mp3,future/question/spatial/audio-sp-shape-hunt-080.mp3,question|spatial|kSpatialShapeHunt|shapeHunt
audio-sp-position-001,question.spatial,strong_pack,playful,question,geometry,positionWords,"On the star map, which object is above the rocket?",audio-sp-position-001.mp3,future/question/spatial/audio-sp-position-001.mp3,question|spatial|kSpatialPositionWords|positionWords
audio-sp-position-002,question.spatial,strong_pack,playful,question,geometry,positionWords,"On the garden board, find the object below the shell.",audio-sp-position-002.mp3,future/question/spatial/audio-sp-position-002.mp3,question|spatial|kSpatialPositionWords|positionWords
audio-sp-position-003,question.spatial,strong_pack,playful,question,geometry,positionWords,"On the treasure path, look at the grid. What is left of the gem?",audio-sp-position-003.mp3,future/question/spatial/audio-sp-position-003.mp3,question|spatial|kSpatialPositionWords|positionWords
audio-sp-position-004,question.spatial,strong_pack,playful,question,geometry,positionWords,"On the reef picture, use position words. Which one is right of the key?",audio-sp-position-004.mp3,future/question/spatial/audio-sp-position-004.mp3,question|spatial|kSpatialPositionWords|positionWords
audio-sp-position-005,question.spatial,strong_pack,playful,question,geometry,positionWords,"On the candy trail, which object is beside the flag?",audio-sp-position-005.mp3,future/question/spatial/audio-sp-position-005.mp3,question|spatial|kSpatialPositionWords|positionWords
audio-sp-position-006,question.spatial,strong_pack,playful,question,geometry,positionWords,"On the rocket panel, find the object above the heart.",audio-sp-position-006.mp3,future/question/spatial/audio-sp-position-006.mp3,question|spatial|kSpatialPositionWords|positionWords
audio-sp-position-007,question.spatial,strong_pack,playful,question,geometry,positionWords,"On the rainbow mat, look at the grid. What is below the moon?",audio-sp-position-007.mp3,future/question/spatial/audio-sp-position-007.mp3,question|spatial|kSpatialPositionWords|positionWords
audio-sp-position-008,question.spatial,strong_pack,playful,question,geometry,positionWords,"On the puzzle shelf, use position words. Which one is left of the flower?",audio-sp-position-008.mp3,future/question/spatial/audio-sp-position-008.mp3,question|spatial|kSpatialPositionWords|positionWords
audio-sp-position-009,question.spatial,strong_pack,playful,question,geometry,positionWords,"On the number meadow, which object is right of the book?",audio-sp-position-009.mp3,future/question/spatial/audio-sp-position-009.mp3,question|spatial|kSpatialPositionWords|positionWords
audio-sp-position-010,question.spatial,strong_pack,playful,question,geometry,positionWords,"On the shape station, find the object beside the coin.",audio-sp-position-010.mp3,future/question/spatial/audio-sp-position-010.mp3,question|spatial|kSpatialPositionWords|positionWords
audio-sp-position-011,question.spatial,strong_pack,playful,question,geometry,positionWords,"On the sticker scene, look at the grid. What is above the kite?",audio-sp-position-011.mp3,future/question/spatial/audio-sp-position-011.mp3,question|spatial|kSpatialPositionWords|positionWords
audio-sp-position-012,question.spatial,strong_pack,playful,question,geometry,positionWords,"On the playroom grid, use position words. Which one is below the star?",audio-sp-position-012.mp3,future/question/spatial/audio-sp-position-012.mp3,question|spatial|kSpatialPositionWords|positionWords
audio-sp-position-013,question.spatial,strong_pack,playful,question,geometry,positionWords,"On the mountain path, which object is left of the rocket?",audio-sp-position-013.mp3,future/question/spatial/audio-sp-position-013.mp3,question|spatial|kSpatialPositionWords|positionWords
audio-sp-position-014,question.spatial,strong_pack,playful,question,geometry,positionWords,"On the beach board, find the object right of the shell.",audio-sp-position-014.mp3,future/question/spatial/audio-sp-position-014.mp3,question|spatial|kSpatialPositionWords|positionWords
audio-sp-position-015,question.spatial,strong_pack,playful,question,geometry,positionWords,"On the forest map, look at the grid. What is beside the gem?",audio-sp-position-015.mp3,future/question/spatial/audio-sp-position-015.mp3,question|spatial|kSpatialPositionWords|positionWords
audio-sp-position-016,question.spatial,strong_pack,playful,question,geometry,positionWords,"On the classroom chart, use position words. Which one is above the key?",audio-sp-position-016.mp3,future/question/spatial/audio-sp-position-016.mp3,question|spatial|kSpatialPositionWords|positionWords
audio-sp-position-017,question.spatial,strong_pack,playful,question,geometry,positionWords,"On the festival board, which object is below the flag?",audio-sp-position-017.mp3,future/question/spatial/audio-sp-position-017.mp3,question|spatial|kSpatialPositionWords|positionWords
audio-sp-position-018,question.spatial,strong_pack,playful,question,geometry,positionWords,"On the star map, find the object left of the heart.",audio-sp-position-018.mp3,future/question/spatial/audio-sp-position-018.mp3,question|spatial|kSpatialPositionWords|positionWords
audio-sp-position-019,question.spatial,strong_pack,playful,question,geometry,positionWords,"On the garden board, look at the grid. What is right of the moon?",audio-sp-position-019.mp3,future/question/spatial/audio-sp-position-019.mp3,question|spatial|kSpatialPositionWords|positionWords
audio-sp-position-020,question.spatial,strong_pack,playful,question,geometry,positionWords,"On the treasure path, use position words. Which one is beside the flower?",audio-sp-position-020.mp3,future/question/spatial/audio-sp-position-020.mp3,question|spatial|kSpatialPositionWords|positionWords
audio-sp-position-021,question.spatial,strong_pack,playful,question,geometry,positionWords,"On the reef picture, which object is above the book?",audio-sp-position-021.mp3,future/question/spatial/audio-sp-position-021.mp3,question|spatial|kSpatialPositionWords|positionWords
audio-sp-position-022,question.spatial,strong_pack,playful,question,geometry,positionWords,"On the candy trail, find the object below the coin.",audio-sp-position-022.mp3,future/question/spatial/audio-sp-position-022.mp3,question|spatial|kSpatialPositionWords|positionWords
audio-sp-position-023,question.spatial,strong_pack,playful,question,geometry,positionWords,"On the rocket panel, look at the grid. What is left of the kite?",audio-sp-position-023.mp3,future/question/spatial/audio-sp-position-023.mp3,question|spatial|kSpatialPositionWords|positionWords
audio-sp-position-024,question.spatial,strong_pack,playful,question,geometry,positionWords,"On the rainbow mat, use position words. Which one is right of the star?",audio-sp-position-024.mp3,future/question/spatial/audio-sp-position-024.mp3,question|spatial|kSpatialPositionWords|positionWords
audio-sp-position-025,question.spatial,strong_pack,playful,question,geometry,positionWords,"On the puzzle shelf, which object is beside the rocket?",audio-sp-position-025.mp3,future/question/spatial/audio-sp-position-025.mp3,question|spatial|kSpatialPositionWords|positionWords
audio-sp-position-026,question.spatial,strong_pack,playful,question,geometry,positionWords,"On the number meadow, find the object above the shell.",audio-sp-position-026.mp3,future/question/spatial/audio-sp-position-026.mp3,question|spatial|kSpatialPositionWords|positionWords
audio-sp-position-027,question.spatial,strong_pack,playful,question,geometry,positionWords,"On the shape station, look at the grid. What is below the gem?",audio-sp-position-027.mp3,future/question/spatial/audio-sp-position-027.mp3,question|spatial|kSpatialPositionWords|positionWords
audio-sp-position-028,question.spatial,strong_pack,playful,question,geometry,positionWords,"On the sticker scene, use position words. Which one is left of the key?",audio-sp-position-028.mp3,future/question/spatial/audio-sp-position-028.mp3,question|spatial|kSpatialPositionWords|positionWords
audio-sp-position-029,question.spatial,strong_pack,playful,question,geometry,positionWords,"On the playroom grid, which object is right of the flag?",audio-sp-position-029.mp3,future/question/spatial/audio-sp-position-029.mp3,question|spatial|kSpatialPositionWords|positionWords
audio-sp-position-030,question.spatial,strong_pack,playful,question,geometry,positionWords,"On the mountain path, find the object beside the heart.",audio-sp-position-030.mp3,future/question/spatial/audio-sp-position-030.mp3,question|spatial|kSpatialPositionWords|positionWords
audio-sp-position-031,question.spatial,strong_pack,playful,question,geometry,positionWords,"On the beach board, look at the grid. What is above the moon?",audio-sp-position-031.mp3,future/question/spatial/audio-sp-position-031.mp3,question|spatial|kSpatialPositionWords|positionWords
audio-sp-position-032,question.spatial,strong_pack,playful,question,geometry,positionWords,"On the forest map, use position words. Which one is below the flower?",audio-sp-position-032.mp3,future/question/spatial/audio-sp-position-032.mp3,question|spatial|kSpatialPositionWords|positionWords
audio-sp-position-033,question.spatial,strong_pack,playful,question,geometry,positionWords,"On the classroom chart, which object is left of the book?",audio-sp-position-033.mp3,future/question/spatial/audio-sp-position-033.mp3,question|spatial|kSpatialPositionWords|positionWords
audio-sp-position-034,question.spatial,strong_pack,playful,question,geometry,positionWords,"On the festival board, find the object right of the coin.",audio-sp-position-034.mp3,future/question/spatial/audio-sp-position-034.mp3,question|spatial|kSpatialPositionWords|positionWords
audio-sp-position-035,question.spatial,strong_pack,playful,question,geometry,positionWords,"On the star map, look at the grid. What is beside the kite?",audio-sp-position-035.mp3,future/question/spatial/audio-sp-position-035.mp3,question|spatial|kSpatialPositionWords|positionWords
audio-sp-position-036,question.spatial,strong_pack,playful,question,geometry,positionWords,"On the garden board, use position words. Which one is above the star?",audio-sp-position-036.mp3,future/question/spatial/audio-sp-position-036.mp3,question|spatial|kSpatialPositionWords|positionWords
audio-sp-position-037,question.spatial,strong_pack,playful,question,geometry,positionWords,"On the treasure path, which object is below the rocket?",audio-sp-position-037.mp3,future/question/spatial/audio-sp-position-037.mp3,question|spatial|kSpatialPositionWords|positionWords
audio-sp-position-038,question.spatial,strong_pack,playful,question,geometry,positionWords,"On the reef picture, find the object left of the shell.",audio-sp-position-038.mp3,future/question/spatial/audio-sp-position-038.mp3,question|spatial|kSpatialPositionWords|positionWords
audio-sp-position-039,question.spatial,strong_pack,playful,question,geometry,positionWords,"On the candy trail, look at the grid. What is right of the gem?",audio-sp-position-039.mp3,future/question/spatial/audio-sp-position-039.mp3,question|spatial|kSpatialPositionWords|positionWords
audio-sp-position-040,question.spatial,strong_pack,playful,question,geometry,positionWords,"On the rocket panel, use position words. Which one is beside the key?",audio-sp-position-040.mp3,future/question/spatial/audio-sp-position-040.mp3,question|spatial|kSpatialPositionWords|positionWords
audio-sp-position-041,question.spatial,strong_pack,playful,question,geometry,positionWords,"On the rainbow mat, which object is above the flag?",audio-sp-position-041.mp3,future/question/spatial/audio-sp-position-041.mp3,question|spatial|kSpatialPositionWords|positionWords
audio-sp-position-042,question.spatial,strong_pack,playful,question,geometry,positionWords,"On the puzzle shelf, find the object below the heart.",audio-sp-position-042.mp3,future/question/spatial/audio-sp-position-042.mp3,question|spatial|kSpatialPositionWords|positionWords
audio-sp-position-043,question.spatial,strong_pack,playful,question,geometry,positionWords,"On the number meadow, look at the grid. What is left of the moon?",audio-sp-position-043.mp3,future/question/spatial/audio-sp-position-043.mp3,question|spatial|kSpatialPositionWords|positionWords
audio-sp-position-044,question.spatial,strong_pack,playful,question,geometry,positionWords,"On the shape station, use position words. Which one is right of the flower?",audio-sp-position-044.mp3,future/question/spatial/audio-sp-position-044.mp3,question|spatial|kSpatialPositionWords|positionWords
audio-sp-position-045,question.spatial,strong_pack,playful,question,geometry,positionWords,"On the sticker scene, which object is beside the book?",audio-sp-position-045.mp3,future/question/spatial/audio-sp-position-045.mp3,question|spatial|kSpatialPositionWords|positionWords
audio-sp-position-046,question.spatial,strong_pack,playful,question,geometry,positionWords,"On the playroom grid, find the object above the coin.",audio-sp-position-046.mp3,future/question/spatial/audio-sp-position-046.mp3,question|spatial|kSpatialPositionWords|positionWords
audio-sp-position-047,question.spatial,strong_pack,playful,question,geometry,positionWords,"On the mountain path, look at the grid. What is below the kite?",audio-sp-position-047.mp3,future/question/spatial/audio-sp-position-047.mp3,question|spatial|kSpatialPositionWords|positionWords
audio-sp-position-048,question.spatial,strong_pack,playful,question,geometry,positionWords,"On the beach board, use position words. Which one is left of the star?",audio-sp-position-048.mp3,future/question/spatial/audio-sp-position-048.mp3,question|spatial|kSpatialPositionWords|positionWords
audio-sp-position-049,question.spatial,strong_pack,playful,question,geometry,positionWords,"On the forest map, which object is right of the rocket?",audio-sp-position-049.mp3,future/question/spatial/audio-sp-position-049.mp3,question|spatial|kSpatialPositionWords|positionWords
audio-sp-position-050,question.spatial,strong_pack,playful,question,geometry,positionWords,"On the classroom chart, find the object beside the shell.",audio-sp-position-050.mp3,future/question/spatial/audio-sp-position-050.mp3,question|spatial|kSpatialPositionWords|positionWords
audio-sp-position-051,question.spatial,strong_pack,playful,question,geometry,positionWords,"On the festival board, look at the grid. What is above the gem?",audio-sp-position-051.mp3,future/question/spatial/audio-sp-position-051.mp3,question|spatial|kSpatialPositionWords|positionWords
audio-sp-position-052,question.spatial,strong_pack,playful,question,geometry,positionWords,"On the star map, use position words. Which one is below the key?",audio-sp-position-052.mp3,future/question/spatial/audio-sp-position-052.mp3,question|spatial|kSpatialPositionWords|positionWords
audio-sp-position-053,question.spatial,strong_pack,playful,question,geometry,positionWords,"On the garden board, which object is left of the flag?",audio-sp-position-053.mp3,future/question/spatial/audio-sp-position-053.mp3,question|spatial|kSpatialPositionWords|positionWords
audio-sp-position-054,question.spatial,strong_pack,playful,question,geometry,positionWords,"On the treasure path, find the object right of the heart.",audio-sp-position-054.mp3,future/question/spatial/audio-sp-position-054.mp3,question|spatial|kSpatialPositionWords|positionWords
audio-sp-position-055,question.spatial,strong_pack,playful,question,geometry,positionWords,"On the reef picture, look at the grid. What is beside the moon?",audio-sp-position-055.mp3,future/question/spatial/audio-sp-position-055.mp3,question|spatial|kSpatialPositionWords|positionWords
audio-sp-position-056,question.spatial,strong_pack,playful,question,geometry,positionWords,"On the candy trail, use position words. Which one is above the flower?",audio-sp-position-056.mp3,future/question/spatial/audio-sp-position-056.mp3,question|spatial|kSpatialPositionWords|positionWords
audio-sp-position-057,question.spatial,strong_pack,playful,question,geometry,positionWords,"On the rocket panel, which object is below the book?",audio-sp-position-057.mp3,future/question/spatial/audio-sp-position-057.mp3,question|spatial|kSpatialPositionWords|positionWords
audio-sp-position-058,question.spatial,strong_pack,playful,question,geometry,positionWords,"On the rainbow mat, find the object left of the coin.",audio-sp-position-058.mp3,future/question/spatial/audio-sp-position-058.mp3,question|spatial|kSpatialPositionWords|positionWords
audio-sp-position-059,question.spatial,strong_pack,playful,question,geometry,positionWords,"On the puzzle shelf, look at the grid. What is right of the kite?",audio-sp-position-059.mp3,future/question/spatial/audio-sp-position-059.mp3,question|spatial|kSpatialPositionWords|positionWords
audio-sp-position-060,question.spatial,strong_pack,playful,question,geometry,positionWords,"On the number meadow, use position words. Which one is beside the star?",audio-sp-position-060.mp3,future/question/spatial/audio-sp-position-060.mp3,question|spatial|kSpatialPositionWords|positionWords
audio-sp-position-061,question.spatial,strong_pack,playful,question,geometry,positionWords,"On the shape station, which object is above the rocket?",audio-sp-position-061.mp3,future/question/spatial/audio-sp-position-061.mp3,question|spatial|kSpatialPositionWords|positionWords
audio-sp-position-062,question.spatial,strong_pack,playful,question,geometry,positionWords,"On the sticker scene, find the object below the shell.",audio-sp-position-062.mp3,future/question/spatial/audio-sp-position-062.mp3,question|spatial|kSpatialPositionWords|positionWords
audio-sp-position-063,question.spatial,strong_pack,playful,question,geometry,positionWords,"On the playroom grid, look at the grid. What is left of the gem?",audio-sp-position-063.mp3,future/question/spatial/audio-sp-position-063.mp3,question|spatial|kSpatialPositionWords|positionWords
audio-sp-position-064,question.spatial,strong_pack,playful,question,geometry,positionWords,"On the mountain path, use position words. Which one is right of the key?",audio-sp-position-064.mp3,future/question/spatial/audio-sp-position-064.mp3,question|spatial|kSpatialPositionWords|positionWords
audio-sp-position-065,question.spatial,strong_pack,playful,question,geometry,positionWords,"On the beach board, which object is beside the flag?",audio-sp-position-065.mp3,future/question/spatial/audio-sp-position-065.mp3,question|spatial|kSpatialPositionWords|positionWords
audio-sp-position-066,question.spatial,strong_pack,playful,question,geometry,positionWords,"On the forest map, find the object above the heart.",audio-sp-position-066.mp3,future/question/spatial/audio-sp-position-066.mp3,question|spatial|kSpatialPositionWords|positionWords
audio-sp-position-067,question.spatial,strong_pack,playful,question,geometry,positionWords,"On the classroom chart, look at the grid. What is below the moon?",audio-sp-position-067.mp3,future/question/spatial/audio-sp-position-067.mp3,question|spatial|kSpatialPositionWords|positionWords
audio-sp-position-068,question.spatial,strong_pack,playful,question,geometry,positionWords,"On the festival board, use position words. Which one is left of the flower?",audio-sp-position-068.mp3,future/question/spatial/audio-sp-position-068.mp3,question|spatial|kSpatialPositionWords|positionWords
audio-sp-position-069,question.spatial,strong_pack,playful,question,geometry,positionWords,"On the star map, which object is right of the book?",audio-sp-position-069.mp3,future/question/spatial/audio-sp-position-069.mp3,question|spatial|kSpatialPositionWords|positionWords
audio-sp-position-070,question.spatial,strong_pack,playful,question,geometry,positionWords,"On the garden board, find the object beside the coin.",audio-sp-position-070.mp3,future/question/spatial/audio-sp-position-070.mp3,question|spatial|kSpatialPositionWords|positionWords
audio-sp-position-071,question.spatial,strong_pack,playful,question,geometry,positionWords,"On the treasure path, look at the grid. What is above the kite?",audio-sp-position-071.mp3,future/question/spatial/audio-sp-position-071.mp3,question|spatial|kSpatialPositionWords|positionWords
audio-sp-position-072,question.spatial,strong_pack,playful,question,geometry,positionWords,"On the reef picture, use position words. Which one is below the star?",audio-sp-position-072.mp3,future/question/spatial/audio-sp-position-072.mp3,question|spatial|kSpatialPositionWords|positionWords
audio-sp-position-073,question.spatial,strong_pack,playful,question,geometry,positionWords,"On the candy trail, which object is left of the rocket?",audio-sp-position-073.mp3,future/question/spatial/audio-sp-position-073.mp3,question|spatial|kSpatialPositionWords|positionWords
audio-sp-position-074,question.spatial,strong_pack,playful,question,geometry,positionWords,"On the rocket panel, find the object right of the shell.",audio-sp-position-074.mp3,future/question/spatial/audio-sp-position-074.mp3,question|spatial|kSpatialPositionWords|positionWords
audio-sp-position-075,question.spatial,strong_pack,playful,question,geometry,positionWords,"On the rainbow mat, look at the grid. What is beside the gem?",audio-sp-position-075.mp3,future/question/spatial/audio-sp-position-075.mp3,question|spatial|kSpatialPositionWords|positionWords
audio-sp-position-076,question.spatial,strong_pack,playful,question,geometry,positionWords,"On the puzzle shelf, use position words. Which one is above the key?",audio-sp-position-076.mp3,future/question/spatial/audio-sp-position-076.mp3,question|spatial|kSpatialPositionWords|positionWords
audio-sp-position-077,question.spatial,strong_pack,playful,question,geometry,positionWords,"On the number meadow, which object is below the flag?",audio-sp-position-077.mp3,future/question/spatial/audio-sp-position-077.mp3,question|spatial|kSpatialPositionWords|positionWords
audio-sp-position-078,question.spatial,strong_pack,playful,question,geometry,positionWords,"On the shape station, find the object left of the heart.",audio-sp-position-078.mp3,future/question/spatial/audio-sp-position-078.mp3,question|spatial|kSpatialPositionWords|positionWords
audio-sp-position-079,question.spatial,strong_pack,playful,question,geometry,positionWords,"On the sticker scene, look at the grid. What is right of the moon?",audio-sp-position-079.mp3,future/question/spatial/audio-sp-position-079.mp3,question|spatial|kSpatialPositionWords|positionWords
audio-sp-position-080,question.spatial,strong_pack,playful,question,geometry,positionWords,"On the playroom grid, use position words. Which one is beside the flower?",audio-sp-position-080.mp3,future/question/spatial/audio-sp-position-080.mp3,question|spatial|kSpatialPositionWords|positionWords
audio-sp-rotate-001,question.spatial,strong_pack,playful,question,geometry,rotateToMatch,"On the star map, which choice matches the red triangle after it turns 135 degrees?",audio-sp-rotate-001.mp3,future/question/spatial/audio-sp-rotate-001.mp3,question|spatial|k2SpatialRotateMatch|rotateToMatch
audio-sp-rotate-002,question.spatial,strong_pack,playful,question,geometry,rotateToMatch,"On the garden board, turn the blue rectangle in your mind. Which one matches?",audio-sp-rotate-002.mp3,future/question/spatial/audio-sp-rotate-002.mp3,question|spatial|k2SpatialRotateMatch|rotateToMatch
audio-sp-rotate-003,question.spatial,strong_pack,playful,question,geometry,rotateToMatch,"On the treasure path, the green diamond rotates 225 degrees. Choose the matching shape.",audio-sp-rotate-003.mp3,future/question/spatial/audio-sp-rotate-003.mp3,question|spatial|k2SpatialRotateMatch|rotateToMatch
audio-sp-rotate-004,question.spatial,strong_pack,playful,question,geometry,rotateToMatch,"On the reef picture, which picture is the same yellow pentagon, just turned?",audio-sp-rotate-004.mp3,future/question/spatial/audio-sp-rotate-004.mp3,question|spatial|k2SpatialRotateMatch|rotateToMatch
audio-sp-rotate-005,question.spatial,strong_pack,playful,question,geometry,rotateToMatch,"On the candy trail, which choice matches the purple trapezoid after it turns 315 degrees?",audio-sp-rotate-005.mp3,future/question/spatial/audio-sp-rotate-005.mp3,question|spatial|k2SpatialRotateMatch|rotateToMatch
audio-sp-rotate-006,question.spatial,strong_pack,playful,question,geometry,rotateToMatch,"On the rocket panel, turn the orange arrow in your mind. Which one matches?",audio-sp-rotate-006.mp3,future/question/spatial/audio-sp-rotate-006.mp3,question|spatial|k2SpatialRotateMatch|rotateToMatch
audio-sp-rotate-007,question.spatial,strong_pack,playful,question,geometry,rotateToMatch,"On the rainbow mat, the pink L shape rotates 90 degrees. Choose the matching shape.",audio-sp-rotate-007.mp3,future/question/spatial/audio-sp-rotate-007.mp3,question|spatial|k2SpatialRotateMatch|rotateToMatch
audio-sp-rotate-008,question.spatial,strong_pack,playful,question,geometry,rotateToMatch,"On the puzzle shelf, which picture is the same teal T shape, just turned?",audio-sp-rotate-008.mp3,future/question/spatial/audio-sp-rotate-008.mp3,question|spatial|k2SpatialRotateMatch|rotateToMatch
audio-sp-rotate-009,question.spatial,strong_pack,playful,question,geometry,rotateToMatch,"On the number meadow, which choice matches the red triangle after it turns 180 degrees?",audio-sp-rotate-009.mp3,future/question/spatial/audio-sp-rotate-009.mp3,question|spatial|k2SpatialRotateMatch|rotateToMatch
audio-sp-rotate-010,question.spatial,strong_pack,playful,question,geometry,rotateToMatch,"On the shape station, turn the blue rectangle in your mind. Which one matches?",audio-sp-rotate-010.mp3,future/question/spatial/audio-sp-rotate-010.mp3,question|spatial|k2SpatialRotateMatch|rotateToMatch
audio-sp-rotate-011,question.spatial,strong_pack,playful,question,geometry,rotateToMatch,"On the sticker scene, the green diamond rotates 270 degrees. Choose the matching shape.",audio-sp-rotate-011.mp3,future/question/spatial/audio-sp-rotate-011.mp3,question|spatial|k2SpatialRotateMatch|rotateToMatch
audio-sp-rotate-012,question.spatial,strong_pack,playful,question,geometry,rotateToMatch,"On the playroom grid, which picture is the same yellow pentagon, just turned?",audio-sp-rotate-012.mp3,future/question/spatial/audio-sp-rotate-012.mp3,question|spatial|k2SpatialRotateMatch|rotateToMatch
audio-sp-rotate-013,question.spatial,strong_pack,playful,question,geometry,rotateToMatch,"On the mountain path, which choice matches the purple trapezoid after it turns 45 degrees?",audio-sp-rotate-013.mp3,future/question/spatial/audio-sp-rotate-013.mp3,question|spatial|k2SpatialRotateMatch|rotateToMatch
audio-sp-rotate-014,question.spatial,strong_pack,playful,question,geometry,rotateToMatch,"On the beach board, turn the orange arrow in your mind. Which one matches?",audio-sp-rotate-014.mp3,future/question/spatial/audio-sp-rotate-014.mp3,question|spatial|k2SpatialRotateMatch|rotateToMatch
audio-sp-rotate-015,question.spatial,strong_pack,playful,question,geometry,rotateToMatch,"On the forest map, the pink L shape rotates 135 degrees. Choose the matching shape.",audio-sp-rotate-015.mp3,future/question/spatial/audio-sp-rotate-015.mp3,question|spatial|k2SpatialRotateMatch|rotateToMatch
audio-sp-rotate-016,question.spatial,strong_pack,playful,question,geometry,rotateToMatch,"On the classroom chart, which picture is the same teal T shape, just turned?",audio-sp-rotate-016.mp3,future/question/spatial/audio-sp-rotate-016.mp3,question|spatial|k2SpatialRotateMatch|rotateToMatch
audio-sp-rotate-017,question.spatial,strong_pack,playful,question,geometry,rotateToMatch,"On the festival board, which choice matches the red triangle after it turns 225 degrees?",audio-sp-rotate-017.mp3,future/question/spatial/audio-sp-rotate-017.mp3,question|spatial|k2SpatialRotateMatch|rotateToMatch
audio-sp-rotate-018,question.spatial,strong_pack,playful,question,geometry,rotateToMatch,"On the star map, turn the blue rectangle in your mind. Which one matches?",audio-sp-rotate-018.mp3,future/question/spatial/audio-sp-rotate-018.mp3,question|spatial|k2SpatialRotateMatch|rotateToMatch
audio-sp-rotate-019,question.spatial,strong_pack,playful,question,geometry,rotateToMatch,"On the garden board, the green diamond rotates 315 degrees. Choose the matching shape.",audio-sp-rotate-019.mp3,future/question/spatial/audio-sp-rotate-019.mp3,question|spatial|k2SpatialRotateMatch|rotateToMatch
audio-sp-rotate-020,question.spatial,strong_pack,playful,question,geometry,rotateToMatch,"On the treasure path, which picture is the same yellow pentagon, just turned?",audio-sp-rotate-020.mp3,future/question/spatial/audio-sp-rotate-020.mp3,question|spatial|k2SpatialRotateMatch|rotateToMatch
audio-sp-rotate-021,question.spatial,strong_pack,playful,question,geometry,rotateToMatch,"On the reef picture, which choice matches the purple trapezoid after it turns 90 degrees?",audio-sp-rotate-021.mp3,future/question/spatial/audio-sp-rotate-021.mp3,question|spatial|k2SpatialRotateMatch|rotateToMatch
audio-sp-rotate-022,question.spatial,strong_pack,playful,question,geometry,rotateToMatch,"On the candy trail, turn the orange arrow in your mind. Which one matches?",audio-sp-rotate-022.mp3,future/question/spatial/audio-sp-rotate-022.mp3,question|spatial|k2SpatialRotateMatch|rotateToMatch
audio-sp-rotate-023,question.spatial,strong_pack,playful,question,geometry,rotateToMatch,"On the rocket panel, the pink L shape rotates 180 degrees. Choose the matching shape.",audio-sp-rotate-023.mp3,future/question/spatial/audio-sp-rotate-023.mp3,question|spatial|k2SpatialRotateMatch|rotateToMatch
audio-sp-rotate-024,question.spatial,strong_pack,playful,question,geometry,rotateToMatch,"On the rainbow mat, which picture is the same teal T shape, just turned?",audio-sp-rotate-024.mp3,future/question/spatial/audio-sp-rotate-024.mp3,question|spatial|k2SpatialRotateMatch|rotateToMatch
audio-sp-rotate-025,question.spatial,strong_pack,playful,question,geometry,rotateToMatch,"On the puzzle shelf, which choice matches the red triangle after it turns 270 degrees?",audio-sp-rotate-025.mp3,future/question/spatial/audio-sp-rotate-025.mp3,question|spatial|k2SpatialRotateMatch|rotateToMatch
audio-sp-rotate-026,question.spatial,strong_pack,playful,question,geometry,rotateToMatch,"On the number meadow, turn the blue rectangle in your mind. Which one matches?",audio-sp-rotate-026.mp3,future/question/spatial/audio-sp-rotate-026.mp3,question|spatial|k2SpatialRotateMatch|rotateToMatch
audio-sp-rotate-027,question.spatial,strong_pack,playful,question,geometry,rotateToMatch,"On the shape station, the green diamond rotates 45 degrees. Choose the matching shape.",audio-sp-rotate-027.mp3,future/question/spatial/audio-sp-rotate-027.mp3,question|spatial|k2SpatialRotateMatch|rotateToMatch
audio-sp-rotate-028,question.spatial,strong_pack,playful,question,geometry,rotateToMatch,"On the sticker scene, which picture is the same yellow pentagon, just turned?",audio-sp-rotate-028.mp3,future/question/spatial/audio-sp-rotate-028.mp3,question|spatial|k2SpatialRotateMatch|rotateToMatch
audio-sp-rotate-029,question.spatial,strong_pack,playful,question,geometry,rotateToMatch,"On the playroom grid, which choice matches the purple trapezoid after it turns 135 degrees?",audio-sp-rotate-029.mp3,future/question/spatial/audio-sp-rotate-029.mp3,question|spatial|k2SpatialRotateMatch|rotateToMatch
audio-sp-rotate-030,question.spatial,strong_pack,playful,question,geometry,rotateToMatch,"On the mountain path, turn the orange arrow in your mind. Which one matches?",audio-sp-rotate-030.mp3,future/question/spatial/audio-sp-rotate-030.mp3,question|spatial|k2SpatialRotateMatch|rotateToMatch
audio-sp-rotate-031,question.spatial,strong_pack,playful,question,geometry,rotateToMatch,"On the beach board, the pink L shape rotates 225 degrees. Choose the matching shape.",audio-sp-rotate-031.mp3,future/question/spatial/audio-sp-rotate-031.mp3,question|spatial|k2SpatialRotateMatch|rotateToMatch
audio-sp-rotate-032,question.spatial,strong_pack,playful,question,geometry,rotateToMatch,"On the forest map, which picture is the same teal T shape, just turned?",audio-sp-rotate-032.mp3,future/question/spatial/audio-sp-rotate-032.mp3,question|spatial|k2SpatialRotateMatch|rotateToMatch
audio-sp-rotate-033,question.spatial,strong_pack,playful,question,geometry,rotateToMatch,"On the classroom chart, which choice matches the red triangle after it turns 315 degrees?",audio-sp-rotate-033.mp3,future/question/spatial/audio-sp-rotate-033.mp3,question|spatial|k2SpatialRotateMatch|rotateToMatch
audio-sp-rotate-034,question.spatial,strong_pack,playful,question,geometry,rotateToMatch,"On the festival board, turn the blue rectangle in your mind. Which one matches?",audio-sp-rotate-034.mp3,future/question/spatial/audio-sp-rotate-034.mp3,question|spatial|k2SpatialRotateMatch|rotateToMatch
audio-sp-rotate-035,question.spatial,strong_pack,playful,question,geometry,rotateToMatch,"On the star map, the green diamond rotates 90 degrees. Choose the matching shape.",audio-sp-rotate-035.mp3,future/question/spatial/audio-sp-rotate-035.mp3,question|spatial|k2SpatialRotateMatch|rotateToMatch
audio-sp-rotate-036,question.spatial,strong_pack,playful,question,geometry,rotateToMatch,"On the garden board, which picture is the same yellow pentagon, just turned?",audio-sp-rotate-036.mp3,future/question/spatial/audio-sp-rotate-036.mp3,question|spatial|k2SpatialRotateMatch|rotateToMatch
audio-sp-rotate-037,question.spatial,strong_pack,playful,question,geometry,rotateToMatch,"On the treasure path, which choice matches the purple trapezoid after it turns 180 degrees?",audio-sp-rotate-037.mp3,future/question/spatial/audio-sp-rotate-037.mp3,question|spatial|k2SpatialRotateMatch|rotateToMatch
audio-sp-rotate-038,question.spatial,strong_pack,playful,question,geometry,rotateToMatch,"On the reef picture, turn the orange arrow in your mind. Which one matches?",audio-sp-rotate-038.mp3,future/question/spatial/audio-sp-rotate-038.mp3,question|spatial|k2SpatialRotateMatch|rotateToMatch
audio-sp-rotate-039,question.spatial,strong_pack,playful,question,geometry,rotateToMatch,"On the candy trail, the pink L shape rotates 270 degrees. Choose the matching shape.",audio-sp-rotate-039.mp3,future/question/spatial/audio-sp-rotate-039.mp3,question|spatial|k2SpatialRotateMatch|rotateToMatch
audio-sp-rotate-040,question.spatial,strong_pack,playful,question,geometry,rotateToMatch,"On the rocket panel, which picture is the same teal T shape, just turned?",audio-sp-rotate-040.mp3,future/question/spatial/audio-sp-rotate-040.mp3,question|spatial|k2SpatialRotateMatch|rotateToMatch
audio-sp-rotate-041,question.spatial,strong_pack,playful,question,geometry,rotateToMatch,"On the rainbow mat, which choice matches the red triangle after it turns 45 degrees?",audio-sp-rotate-041.mp3,future/question/spatial/audio-sp-rotate-041.mp3,question|spatial|k2SpatialRotateMatch|rotateToMatch
audio-sp-rotate-042,question.spatial,strong_pack,playful,question,geometry,rotateToMatch,"On the puzzle shelf, turn the blue rectangle in your mind. Which one matches?",audio-sp-rotate-042.mp3,future/question/spatial/audio-sp-rotate-042.mp3,question|spatial|k2SpatialRotateMatch|rotateToMatch
audio-sp-rotate-043,question.spatial,strong_pack,playful,question,geometry,rotateToMatch,"On the number meadow, the green diamond rotates 135 degrees. Choose the matching shape.",audio-sp-rotate-043.mp3,future/question/spatial/audio-sp-rotate-043.mp3,question|spatial|k2SpatialRotateMatch|rotateToMatch
audio-sp-rotate-044,question.spatial,strong_pack,playful,question,geometry,rotateToMatch,"On the shape station, which picture is the same yellow pentagon, just turned?",audio-sp-rotate-044.mp3,future/question/spatial/audio-sp-rotate-044.mp3,question|spatial|k2SpatialRotateMatch|rotateToMatch
audio-sp-rotate-045,question.spatial,strong_pack,playful,question,geometry,rotateToMatch,"On the sticker scene, which choice matches the purple trapezoid after it turns 225 degrees?",audio-sp-rotate-045.mp3,future/question/spatial/audio-sp-rotate-045.mp3,question|spatial|k2SpatialRotateMatch|rotateToMatch
audio-sp-rotate-046,question.spatial,strong_pack,playful,question,geometry,rotateToMatch,"On the playroom grid, turn the orange arrow in your mind. Which one matches?",audio-sp-rotate-046.mp3,future/question/spatial/audio-sp-rotate-046.mp3,question|spatial|k2SpatialRotateMatch|rotateToMatch
audio-sp-rotate-047,question.spatial,strong_pack,playful,question,geometry,rotateToMatch,"On the mountain path, the pink L shape rotates 315 degrees. Choose the matching shape.",audio-sp-rotate-047.mp3,future/question/spatial/audio-sp-rotate-047.mp3,question|spatial|k2SpatialRotateMatch|rotateToMatch
audio-sp-rotate-048,question.spatial,strong_pack,playful,question,geometry,rotateToMatch,"On the beach board, which picture is the same teal T shape, just turned?",audio-sp-rotate-048.mp3,future/question/spatial/audio-sp-rotate-048.mp3,question|spatial|k2SpatialRotateMatch|rotateToMatch
audio-sp-rotate-049,question.spatial,strong_pack,playful,question,geometry,rotateToMatch,"On the forest map, which choice matches the red triangle after it turns 90 degrees?",audio-sp-rotate-049.mp3,future/question/spatial/audio-sp-rotate-049.mp3,question|spatial|k2SpatialRotateMatch|rotateToMatch
audio-sp-rotate-050,question.spatial,strong_pack,playful,question,geometry,rotateToMatch,"On the classroom chart, turn the blue rectangle in your mind. Which one matches?",audio-sp-rotate-050.mp3,future/question/spatial/audio-sp-rotate-050.mp3,question|spatial|k2SpatialRotateMatch|rotateToMatch
audio-sp-rotate-051,question.spatial,strong_pack,playful,question,geometry,rotateToMatch,"On the festival board, the green diamond rotates 180 degrees. Choose the matching shape.",audio-sp-rotate-051.mp3,future/question/spatial/audio-sp-rotate-051.mp3,question|spatial|k2SpatialRotateMatch|rotateToMatch
audio-sp-rotate-052,question.spatial,strong_pack,playful,question,geometry,rotateToMatch,"On the star map, which picture is the same yellow pentagon, just turned?",audio-sp-rotate-052.mp3,future/question/spatial/audio-sp-rotate-052.mp3,question|spatial|k2SpatialRotateMatch|rotateToMatch
audio-sp-rotate-053,question.spatial,strong_pack,playful,question,geometry,rotateToMatch,"On the garden board, which choice matches the purple trapezoid after it turns 270 degrees?",audio-sp-rotate-053.mp3,future/question/spatial/audio-sp-rotate-053.mp3,question|spatial|k2SpatialRotateMatch|rotateToMatch
audio-sp-rotate-054,question.spatial,strong_pack,playful,question,geometry,rotateToMatch,"On the treasure path, turn the orange arrow in your mind. Which one matches?",audio-sp-rotate-054.mp3,future/question/spatial/audio-sp-rotate-054.mp3,question|spatial|k2SpatialRotateMatch|rotateToMatch
audio-sp-rotate-055,question.spatial,strong_pack,playful,question,geometry,rotateToMatch,"On the reef picture, the pink L shape rotates 45 degrees. Choose the matching shape.",audio-sp-rotate-055.mp3,future/question/spatial/audio-sp-rotate-055.mp3,question|spatial|k2SpatialRotateMatch|rotateToMatch
audio-sp-rotate-056,question.spatial,strong_pack,playful,question,geometry,rotateToMatch,"On the candy trail, which picture is the same teal T shape, just turned?",audio-sp-rotate-056.mp3,future/question/spatial/audio-sp-rotate-056.mp3,question|spatial|k2SpatialRotateMatch|rotateToMatch
audio-sp-rotate-057,question.spatial,strong_pack,playful,question,geometry,rotateToMatch,"On the rocket panel, which choice matches the red triangle after it turns 135 degrees?",audio-sp-rotate-057.mp3,future/question/spatial/audio-sp-rotate-057.mp3,question|spatial|k2SpatialRotateMatch|rotateToMatch
audio-sp-rotate-058,question.spatial,strong_pack,playful,question,geometry,rotateToMatch,"On the rainbow mat, turn the blue rectangle in your mind. Which one matches?",audio-sp-rotate-058.mp3,future/question/spatial/audio-sp-rotate-058.mp3,question|spatial|k2SpatialRotateMatch|rotateToMatch
audio-sp-rotate-059,question.spatial,strong_pack,playful,question,geometry,rotateToMatch,"On the puzzle shelf, the green diamond rotates 225 degrees. Choose the matching shape.",audio-sp-rotate-059.mp3,future/question/spatial/audio-sp-rotate-059.mp3,question|spatial|k2SpatialRotateMatch|rotateToMatch
audio-sp-rotate-060,question.spatial,strong_pack,playful,question,geometry,rotateToMatch,"On the number meadow, which picture is the same yellow pentagon, just turned?",audio-sp-rotate-060.mp3,future/question/spatial/audio-sp-rotate-060.mp3,question|spatial|k2SpatialRotateMatch|rotateToMatch
audio-sp-rotate-061,question.spatial,strong_pack,playful,question,geometry,rotateToMatch,"On the shape station, which choice matches the purple trapezoid after it turns 315 degrees?",audio-sp-rotate-061.mp3,future/question/spatial/audio-sp-rotate-061.mp3,question|spatial|k2SpatialRotateMatch|rotateToMatch
audio-sp-rotate-062,question.spatial,strong_pack,playful,question,geometry,rotateToMatch,"On the sticker scene, turn the orange arrow in your mind. Which one matches?",audio-sp-rotate-062.mp3,future/question/spatial/audio-sp-rotate-062.mp3,question|spatial|k2SpatialRotateMatch|rotateToMatch
audio-sp-rotate-063,question.spatial,strong_pack,playful,question,geometry,rotateToMatch,"On the playroom grid, the pink L shape rotates 90 degrees. Choose the matching shape.",audio-sp-rotate-063.mp3,future/question/spatial/audio-sp-rotate-063.mp3,question|spatial|k2SpatialRotateMatch|rotateToMatch
audio-sp-rotate-064,question.spatial,strong_pack,playful,question,geometry,rotateToMatch,"On the mountain path, which picture is the same teal T shape, just turned?",audio-sp-rotate-064.mp3,future/question/spatial/audio-sp-rotate-064.mp3,question|spatial|k2SpatialRotateMatch|rotateToMatch
audio-sp-rotate-065,question.spatial,strong_pack,playful,question,geometry,rotateToMatch,"On the beach board, which choice matches the red triangle after it turns 180 degrees?",audio-sp-rotate-065.mp3,future/question/spatial/audio-sp-rotate-065.mp3,question|spatial|k2SpatialRotateMatch|rotateToMatch
audio-sp-rotate-066,question.spatial,strong_pack,playful,question,geometry,rotateToMatch,"On the forest map, turn the blue rectangle in your mind. Which one matches?",audio-sp-rotate-066.mp3,future/question/spatial/audio-sp-rotate-066.mp3,question|spatial|k2SpatialRotateMatch|rotateToMatch
audio-sp-rotate-067,question.spatial,strong_pack,playful,question,geometry,rotateToMatch,"On the classroom chart, the green diamond rotates 270 degrees. Choose the matching shape.",audio-sp-rotate-067.mp3,future/question/spatial/audio-sp-rotate-067.mp3,question|spatial|k2SpatialRotateMatch|rotateToMatch
audio-sp-rotate-068,question.spatial,strong_pack,playful,question,geometry,rotateToMatch,"On the festival board, which picture is the same yellow pentagon, just turned?",audio-sp-rotate-068.mp3,future/question/spatial/audio-sp-rotate-068.mp3,question|spatial|k2SpatialRotateMatch|rotateToMatch
audio-sp-rotate-069,question.spatial,strong_pack,playful,question,geometry,rotateToMatch,"On the star map, which choice matches the purple trapezoid after it turns 45 degrees?",audio-sp-rotate-069.mp3,future/question/spatial/audio-sp-rotate-069.mp3,question|spatial|k2SpatialRotateMatch|rotateToMatch
audio-sp-rotate-070,question.spatial,strong_pack,playful,question,geometry,rotateToMatch,"On the garden board, turn the orange arrow in your mind. Which one matches?",audio-sp-rotate-070.mp3,future/question/spatial/audio-sp-rotate-070.mp3,question|spatial|k2SpatialRotateMatch|rotateToMatch
audio-sp-rotate-071,question.spatial,strong_pack,playful,question,geometry,rotateToMatch,"On the treasure path, the pink L shape rotates 135 degrees. Choose the matching shape.",audio-sp-rotate-071.mp3,future/question/spatial/audio-sp-rotate-071.mp3,question|spatial|k2SpatialRotateMatch|rotateToMatch
audio-sp-rotate-072,question.spatial,strong_pack,playful,question,geometry,rotateToMatch,"On the reef picture, which picture is the same teal T shape, just turned?",audio-sp-rotate-072.mp3,future/question/spatial/audio-sp-rotate-072.mp3,question|spatial|k2SpatialRotateMatch|rotateToMatch
audio-sp-rotate-073,question.spatial,strong_pack,playful,question,geometry,rotateToMatch,"On the candy trail, which choice matches the red triangle after it turns 225 degrees?",audio-sp-rotate-073.mp3,future/question/spatial/audio-sp-rotate-073.mp3,question|spatial|k2SpatialRotateMatch|rotateToMatch
audio-sp-rotate-074,question.spatial,strong_pack,playful,question,geometry,rotateToMatch,"On the rocket panel, turn the blue rectangle in your mind. Which one matches?",audio-sp-rotate-074.mp3,future/question/spatial/audio-sp-rotate-074.mp3,question|spatial|k2SpatialRotateMatch|rotateToMatch
audio-sp-rotate-075,question.spatial,strong_pack,playful,question,geometry,rotateToMatch,"On the rainbow mat, the green diamond rotates 315 degrees. Choose the matching shape.",audio-sp-rotate-075.mp3,future/question/spatial/audio-sp-rotate-075.mp3,question|spatial|k2SpatialRotateMatch|rotateToMatch
audio-sp-rotate-076,question.spatial,strong_pack,playful,question,geometry,rotateToMatch,"On the puzzle shelf, which picture is the same yellow pentagon, just turned?",audio-sp-rotate-076.mp3,future/question/spatial/audio-sp-rotate-076.mp3,question|spatial|k2SpatialRotateMatch|rotateToMatch
audio-sp-rotate-077,question.spatial,strong_pack,playful,question,geometry,rotateToMatch,"On the number meadow, which choice matches the purple trapezoid after it turns 90 degrees?",audio-sp-rotate-077.mp3,future/question/spatial/audio-sp-rotate-077.mp3,question|spatial|k2SpatialRotateMatch|rotateToMatch
audio-sp-rotate-078,question.spatial,strong_pack,playful,question,geometry,rotateToMatch,"On the shape station, turn the orange arrow in your mind. Which one matches?",audio-sp-rotate-078.mp3,future/question/spatial/audio-sp-rotate-078.mp3,question|spatial|k2SpatialRotateMatch|rotateToMatch
audio-sp-rotate-079,question.spatial,strong_pack,playful,question,geometry,rotateToMatch,"On the sticker scene, the pink L shape rotates 180 degrees. Choose the matching shape.",audio-sp-rotate-079.mp3,future/question/spatial/audio-sp-rotate-079.mp3,question|spatial|k2SpatialRotateMatch|rotateToMatch
audio-sp-rotate-080,question.spatial,strong_pack,playful,question,geometry,rotateToMatch,"On the playroom grid, which picture is the same teal T shape, just turned?",audio-sp-rotate-080.mp3,future/question/spatial/audio-sp-rotate-080.mp3,question|spatial|k2SpatialRotateMatch|rotateToMatch
audio-sp-build-shape-001,question.spatial,strong_pack,playful,question,geometry,buildShape,"On the star map, which pieces can build a rectangle?",audio-sp-build-shape-001.mp3,future/question/spatial/audio-sp-build-shape-001.mp3,question|spatial|g1SpatialBuildShapes|buildShape
audio-sp-build-shape-002,question.spatial,strong_pack,playful,question,geometry,buildShape,"On the garden board, choose the pieces that make a square.",audio-sp-build-shape-002.mp3,future/question/spatial/audio-sp-build-shape-002.mp3,question|spatial|g1SpatialBuildShapes|buildShape
audio-sp-build-shape-003,question.spatial,strong_pack,playful,question,geometry,buildShape,"On the treasure path, which set of shapes composes a hexagon?",audio-sp-build-shape-003.mp3,future/question/spatial/audio-sp-build-shape-003.mp3,question|spatial|g1SpatialBuildShapes|buildShape
audio-sp-build-shape-004,question.spatial,strong_pack,playful,question,geometry,buildShape,"On the reef picture, build the larger triangle. Which pieces fit?",audio-sp-build-shape-004.mp3,future/question/spatial/audio-sp-build-shape-004.mp3,question|spatial|g1SpatialBuildShapes|buildShape
audio-sp-build-shape-005,question.spatial,strong_pack,playful,question,geometry,buildShape,"On the candy trail, which pieces can build a trapezoid?",audio-sp-build-shape-005.mp3,future/question/spatial/audio-sp-build-shape-005.mp3,question|spatial|g1SpatialBuildShapes|buildShape
audio-sp-build-shape-006,question.spatial,strong_pack,playful,question,geometry,buildShape,"On the rocket panel, choose the pieces that make a diamond.",audio-sp-build-shape-006.mp3,future/question/spatial/audio-sp-build-shape-006.mp3,question|spatial|g1SpatialBuildShapes|buildShape
audio-sp-build-shape-007,question.spatial,strong_pack,playful,question,geometry,buildShape,"On the rainbow mat, which set of shapes composes a rectangle?",audio-sp-build-shape-007.mp3,future/question/spatial/audio-sp-build-shape-007.mp3,question|spatial|g1SpatialBuildShapes|buildShape
audio-sp-build-shape-008,question.spatial,strong_pack,playful,question,geometry,buildShape,"On the puzzle shelf, build the square. Which pieces fit?",audio-sp-build-shape-008.mp3,future/question/spatial/audio-sp-build-shape-008.mp3,question|spatial|g1SpatialBuildShapes|buildShape
audio-sp-build-shape-009,question.spatial,strong_pack,playful,question,geometry,buildShape,"On the number meadow, which pieces can build a hexagon?",audio-sp-build-shape-009.mp3,future/question/spatial/audio-sp-build-shape-009.mp3,question|spatial|g1SpatialBuildShapes|buildShape
audio-sp-build-shape-010,question.spatial,strong_pack,playful,question,geometry,buildShape,"On the shape station, choose the pieces that make a larger triangle.",audio-sp-build-shape-010.mp3,future/question/spatial/audio-sp-build-shape-010.mp3,question|spatial|g1SpatialBuildShapes|buildShape
audio-sp-build-shape-011,question.spatial,strong_pack,playful,question,geometry,buildShape,"On the sticker scene, which set of shapes composes a trapezoid?",audio-sp-build-shape-011.mp3,future/question/spatial/audio-sp-build-shape-011.mp3,question|spatial|g1SpatialBuildShapes|buildShape
audio-sp-build-shape-012,question.spatial,strong_pack,playful,question,geometry,buildShape,"On the playroom grid, build the diamond. Which pieces fit?",audio-sp-build-shape-012.mp3,future/question/spatial/audio-sp-build-shape-012.mp3,question|spatial|g1SpatialBuildShapes|buildShape
audio-sp-build-shape-013,question.spatial,strong_pack,playful,question,geometry,buildShape,"On the mountain path, which pieces can build a rectangle?",audio-sp-build-shape-013.mp3,future/question/spatial/audio-sp-build-shape-013.mp3,question|spatial|g1SpatialBuildShapes|buildShape
audio-sp-build-shape-014,question.spatial,strong_pack,playful,question,geometry,buildShape,"On the beach board, choose the pieces that make a square.",audio-sp-build-shape-014.mp3,future/question/spatial/audio-sp-build-shape-014.mp3,question|spatial|g1SpatialBuildShapes|buildShape
audio-sp-build-shape-015,question.spatial,strong_pack,playful,question,geometry,buildShape,"On the forest map, which set of shapes composes a hexagon?",audio-sp-build-shape-015.mp3,future/question/spatial/audio-sp-build-shape-015.mp3,question|spatial|g1SpatialBuildShapes|buildShape
audio-sp-build-shape-016,question.spatial,strong_pack,playful,question,geometry,buildShape,"On the classroom chart, build the larger triangle. Which pieces fit?",audio-sp-build-shape-016.mp3,future/question/spatial/audio-sp-build-shape-016.mp3,question|spatial|g1SpatialBuildShapes|buildShape
audio-sp-build-shape-017,question.spatial,strong_pack,playful,question,geometry,buildShape,"On the festival board, which pieces can build a trapezoid?",audio-sp-build-shape-017.mp3,future/question/spatial/audio-sp-build-shape-017.mp3,question|spatial|g1SpatialBuildShapes|buildShape
audio-sp-build-shape-018,question.spatial,strong_pack,playful,question,geometry,buildShape,"On the star map, choose the pieces that make a diamond.",audio-sp-build-shape-018.mp3,future/question/spatial/audio-sp-build-shape-018.mp3,question|spatial|g1SpatialBuildShapes|buildShape
audio-sp-build-shape-019,question.spatial,strong_pack,playful,question,geometry,buildShape,"On the garden board, which set of shapes composes a rectangle?",audio-sp-build-shape-019.mp3,future/question/spatial/audio-sp-build-shape-019.mp3,question|spatial|g1SpatialBuildShapes|buildShape
audio-sp-build-shape-020,question.spatial,strong_pack,playful,question,geometry,buildShape,"On the treasure path, build the square. Which pieces fit?",audio-sp-build-shape-020.mp3,future/question/spatial/audio-sp-build-shape-020.mp3,question|spatial|g1SpatialBuildShapes|buildShape
audio-sp-build-shape-021,question.spatial,strong_pack,playful,question,geometry,buildShape,"On the reef picture, which pieces can build a hexagon?",audio-sp-build-shape-021.mp3,future/question/spatial/audio-sp-build-shape-021.mp3,question|spatial|g1SpatialBuildShapes|buildShape
audio-sp-build-shape-022,question.spatial,strong_pack,playful,question,geometry,buildShape,"On the candy trail, choose the pieces that make a larger triangle.",audio-sp-build-shape-022.mp3,future/question/spatial/audio-sp-build-shape-022.mp3,question|spatial|g1SpatialBuildShapes|buildShape
audio-sp-build-shape-023,question.spatial,strong_pack,playful,question,geometry,buildShape,"On the rocket panel, which set of shapes composes a trapezoid?",audio-sp-build-shape-023.mp3,future/question/spatial/audio-sp-build-shape-023.mp3,question|spatial|g1SpatialBuildShapes|buildShape
audio-sp-build-shape-024,question.spatial,strong_pack,playful,question,geometry,buildShape,"On the rainbow mat, build the diamond. Which pieces fit?",audio-sp-build-shape-024.mp3,future/question/spatial/audio-sp-build-shape-024.mp3,question|spatial|g1SpatialBuildShapes|buildShape
audio-sp-build-shape-025,question.spatial,strong_pack,playful,question,geometry,buildShape,"On the puzzle shelf, which pieces can build a rectangle?",audio-sp-build-shape-025.mp3,future/question/spatial/audio-sp-build-shape-025.mp3,question|spatial|g1SpatialBuildShapes|buildShape
audio-sp-build-shape-026,question.spatial,strong_pack,playful,question,geometry,buildShape,"On the number meadow, choose the pieces that make a square.",audio-sp-build-shape-026.mp3,future/question/spatial/audio-sp-build-shape-026.mp3,question|spatial|g1SpatialBuildShapes|buildShape
audio-sp-build-shape-027,question.spatial,strong_pack,playful,question,geometry,buildShape,"On the shape station, which set of shapes composes a hexagon?",audio-sp-build-shape-027.mp3,future/question/spatial/audio-sp-build-shape-027.mp3,question|spatial|g1SpatialBuildShapes|buildShape
audio-sp-build-shape-028,question.spatial,strong_pack,playful,question,geometry,buildShape,"On the sticker scene, build the larger triangle. Which pieces fit?",audio-sp-build-shape-028.mp3,future/question/spatial/audio-sp-build-shape-028.mp3,question|spatial|g1SpatialBuildShapes|buildShape
audio-sp-build-shape-029,question.spatial,strong_pack,playful,question,geometry,buildShape,"On the playroom grid, which pieces can build a trapezoid?",audio-sp-build-shape-029.mp3,future/question/spatial/audio-sp-build-shape-029.mp3,question|spatial|g1SpatialBuildShapes|buildShape
audio-sp-build-shape-030,question.spatial,strong_pack,playful,question,geometry,buildShape,"On the mountain path, choose the pieces that make a diamond.",audio-sp-build-shape-030.mp3,future/question/spatial/audio-sp-build-shape-030.mp3,question|spatial|g1SpatialBuildShapes|buildShape
audio-sp-build-shape-031,question.spatial,strong_pack,playful,question,geometry,buildShape,"On the beach board, which set of shapes composes a rectangle?",audio-sp-build-shape-031.mp3,future/question/spatial/audio-sp-build-shape-031.mp3,question|spatial|g1SpatialBuildShapes|buildShape
audio-sp-build-shape-032,question.spatial,strong_pack,playful,question,geometry,buildShape,"On the forest map, build the square. Which pieces fit?",audio-sp-build-shape-032.mp3,future/question/spatial/audio-sp-build-shape-032.mp3,question|spatial|g1SpatialBuildShapes|buildShape
audio-sp-build-shape-033,question.spatial,strong_pack,playful,question,geometry,buildShape,"On the classroom chart, which pieces can build a hexagon?",audio-sp-build-shape-033.mp3,future/question/spatial/audio-sp-build-shape-033.mp3,question|spatial|g1SpatialBuildShapes|buildShape
audio-sp-build-shape-034,question.spatial,strong_pack,playful,question,geometry,buildShape,"On the festival board, choose the pieces that make a larger triangle.",audio-sp-build-shape-034.mp3,future/question/spatial/audio-sp-build-shape-034.mp3,question|spatial|g1SpatialBuildShapes|buildShape
audio-sp-build-shape-035,question.spatial,strong_pack,playful,question,geometry,buildShape,"On the star map, which set of shapes composes a trapezoid?",audio-sp-build-shape-035.mp3,future/question/spatial/audio-sp-build-shape-035.mp3,question|spatial|g1SpatialBuildShapes|buildShape
audio-sp-build-shape-036,question.spatial,strong_pack,playful,question,geometry,buildShape,"On the garden board, build the diamond. Which pieces fit?",audio-sp-build-shape-036.mp3,future/question/spatial/audio-sp-build-shape-036.mp3,question|spatial|g1SpatialBuildShapes|buildShape
audio-sp-build-shape-037,question.spatial,strong_pack,playful,question,geometry,buildShape,"On the treasure path, which pieces can build a rectangle?",audio-sp-build-shape-037.mp3,future/question/spatial/audio-sp-build-shape-037.mp3,question|spatial|g1SpatialBuildShapes|buildShape
audio-sp-build-shape-038,question.spatial,strong_pack,playful,question,geometry,buildShape,"On the reef picture, choose the pieces that make a square.",audio-sp-build-shape-038.mp3,future/question/spatial/audio-sp-build-shape-038.mp3,question|spatial|g1SpatialBuildShapes|buildShape
audio-sp-build-shape-039,question.spatial,strong_pack,playful,question,geometry,buildShape,"On the candy trail, which set of shapes composes a hexagon?",audio-sp-build-shape-039.mp3,future/question/spatial/audio-sp-build-shape-039.mp3,question|spatial|g1SpatialBuildShapes|buildShape
audio-sp-build-shape-040,question.spatial,strong_pack,playful,question,geometry,buildShape,"On the rocket panel, build the larger triangle. Which pieces fit?",audio-sp-build-shape-040.mp3,future/question/spatial/audio-sp-build-shape-040.mp3,question|spatial|g1SpatialBuildShapes|buildShape
audio-sp-build-shape-041,question.spatial,strong_pack,playful,question,geometry,buildShape,"On the rainbow mat, which pieces can build a trapezoid?",audio-sp-build-shape-041.mp3,future/question/spatial/audio-sp-build-shape-041.mp3,question|spatial|g1SpatialBuildShapes|buildShape
audio-sp-build-shape-042,question.spatial,strong_pack,playful,question,geometry,buildShape,"On the puzzle shelf, choose the pieces that make a diamond.",audio-sp-build-shape-042.mp3,future/question/spatial/audio-sp-build-shape-042.mp3,question|spatial|g1SpatialBuildShapes|buildShape
audio-sp-build-shape-043,question.spatial,strong_pack,playful,question,geometry,buildShape,"On the number meadow, which set of shapes composes a rectangle?",audio-sp-build-shape-043.mp3,future/question/spatial/audio-sp-build-shape-043.mp3,question|spatial|g1SpatialBuildShapes|buildShape
audio-sp-build-shape-044,question.spatial,strong_pack,playful,question,geometry,buildShape,"On the shape station, build the square. Which pieces fit?",audio-sp-build-shape-044.mp3,future/question/spatial/audio-sp-build-shape-044.mp3,question|spatial|g1SpatialBuildShapes|buildShape
audio-sp-build-shape-045,question.spatial,strong_pack,playful,question,geometry,buildShape,"On the sticker scene, which pieces can build a hexagon?",audio-sp-build-shape-045.mp3,future/question/spatial/audio-sp-build-shape-045.mp3,question|spatial|g1SpatialBuildShapes|buildShape
audio-sp-build-shape-046,question.spatial,strong_pack,playful,question,geometry,buildShape,"On the playroom grid, choose the pieces that make a larger triangle.",audio-sp-build-shape-046.mp3,future/question/spatial/audio-sp-build-shape-046.mp3,question|spatial|g1SpatialBuildShapes|buildShape
audio-sp-build-shape-047,question.spatial,strong_pack,playful,question,geometry,buildShape,"On the mountain path, which set of shapes composes a trapezoid?",audio-sp-build-shape-047.mp3,future/question/spatial/audio-sp-build-shape-047.mp3,question|spatial|g1SpatialBuildShapes|buildShape
audio-sp-build-shape-048,question.spatial,strong_pack,playful,question,geometry,buildShape,"On the beach board, build the diamond. Which pieces fit?",audio-sp-build-shape-048.mp3,future/question/spatial/audio-sp-build-shape-048.mp3,question|spatial|g1SpatialBuildShapes|buildShape
audio-sp-build-shape-049,question.spatial,strong_pack,playful,question,geometry,buildShape,"On the forest map, which pieces can build a rectangle?",audio-sp-build-shape-049.mp3,future/question/spatial/audio-sp-build-shape-049.mp3,question|spatial|g1SpatialBuildShapes|buildShape
audio-sp-build-shape-050,question.spatial,strong_pack,playful,question,geometry,buildShape,"On the classroom chart, choose the pieces that make a square.",audio-sp-build-shape-050.mp3,future/question/spatial/audio-sp-build-shape-050.mp3,question|spatial|g1SpatialBuildShapes|buildShape
audio-sp-build-shape-051,question.spatial,strong_pack,playful,question,geometry,buildShape,"On the festival board, which set of shapes composes a hexagon?",audio-sp-build-shape-051.mp3,future/question/spatial/audio-sp-build-shape-051.mp3,question|spatial|g1SpatialBuildShapes|buildShape
audio-sp-build-shape-052,question.spatial,strong_pack,playful,question,geometry,buildShape,"On the star map, build the larger triangle. Which pieces fit?",audio-sp-build-shape-052.mp3,future/question/spatial/audio-sp-build-shape-052.mp3,question|spatial|g1SpatialBuildShapes|buildShape
audio-sp-build-shape-053,question.spatial,strong_pack,playful,question,geometry,buildShape,"On the garden board, which pieces can build a trapezoid?",audio-sp-build-shape-053.mp3,future/question/spatial/audio-sp-build-shape-053.mp3,question|spatial|g1SpatialBuildShapes|buildShape
audio-sp-build-shape-054,question.spatial,strong_pack,playful,question,geometry,buildShape,"On the treasure path, choose the pieces that make a diamond.",audio-sp-build-shape-054.mp3,future/question/spatial/audio-sp-build-shape-054.mp3,question|spatial|g1SpatialBuildShapes|buildShape
audio-sp-build-shape-055,question.spatial,strong_pack,playful,question,geometry,buildShape,"On the reef picture, which set of shapes composes a rectangle?",audio-sp-build-shape-055.mp3,future/question/spatial/audio-sp-build-shape-055.mp3,question|spatial|g1SpatialBuildShapes|buildShape
audio-sp-build-shape-056,question.spatial,strong_pack,playful,question,geometry,buildShape,"On the candy trail, build the square. Which pieces fit?",audio-sp-build-shape-056.mp3,future/question/spatial/audio-sp-build-shape-056.mp3,question|spatial|g1SpatialBuildShapes|buildShape
audio-sp-build-shape-057,question.spatial,strong_pack,playful,question,geometry,buildShape,"On the rocket panel, which pieces can build a hexagon?",audio-sp-build-shape-057.mp3,future/question/spatial/audio-sp-build-shape-057.mp3,question|spatial|g1SpatialBuildShapes|buildShape
audio-sp-build-shape-058,question.spatial,strong_pack,playful,question,geometry,buildShape,"On the rainbow mat, choose the pieces that make a larger triangle.",audio-sp-build-shape-058.mp3,future/question/spatial/audio-sp-build-shape-058.mp3,question|spatial|g1SpatialBuildShapes|buildShape
audio-sp-build-shape-059,question.spatial,strong_pack,playful,question,geometry,buildShape,"On the puzzle shelf, which set of shapes composes a trapezoid?",audio-sp-build-shape-059.mp3,future/question/spatial/audio-sp-build-shape-059.mp3,question|spatial|g1SpatialBuildShapes|buildShape
audio-sp-build-shape-060,question.spatial,strong_pack,playful,question,geometry,buildShape,"On the number meadow, build the diamond. Which pieces fit?",audio-sp-build-shape-060.mp3,future/question/spatial/audio-sp-build-shape-060.mp3,question|spatial|g1SpatialBuildShapes|buildShape
audio-sp-symmetry-001,question.spatial,strong_pack,playful,question,geometry,symmetryMirror,"On the star map, which choice completes the mirror picture? The picture is a heart.",audio-sp-symmetry-001.mp3,future/question/spatial/audio-sp-symmetry-001.mp3,question|spatial|g1SpatialSymmetryMirror|symmetryMirror
audio-sp-symmetry-002,question.spatial,strong_pack,playful,question,geometry,symmetryMirror,"On the garden board, pick the missing half across the vertical mirror line. The picture is a butterfly.",audio-sp-symmetry-002.mp3,future/question/spatial/audio-sp-symmetry-002.mp3,question|spatial|g1SpatialSymmetryMirror|symmetryMirror
audio-sp-symmetry-003,question.spatial,strong_pack,playful,question,geometry,symmetryMirror,"On the treasure path, which side makes the picture symmetrical? The picture is a star.",audio-sp-symmetry-003.mp3,future/question/spatial/audio-sp-symmetry-003.mp3,question|spatial|g1SpatialSymmetryMirror|symmetryMirror
audio-sp-symmetry-004,question.spatial,strong_pack,playful,question,geometry,symmetryMirror,"On the reef picture, choose the half that matches like a mirror. The picture is a square pattern.",audio-sp-symmetry-004.mp3,future/question/spatial/audio-sp-symmetry-004.mp3,question|spatial|g1SpatialSymmetryMirror|symmetryMirror
audio-sp-symmetry-005,question.spatial,strong_pack,playful,question,geometry,symmetryMirror,"On the candy trail, which choice completes the mirror picture? The picture is a leaf.",audio-sp-symmetry-005.mp3,future/question/spatial/audio-sp-symmetry-005.mp3,question|spatial|g1SpatialSymmetryMirror|symmetryMirror
audio-sp-symmetry-006,question.spatial,strong_pack,playful,question,geometry,symmetryMirror,"On the rocket panel, pick the missing half across the vertical mirror line. The picture is a rocket badge.",audio-sp-symmetry-006.mp3,future/question/spatial/audio-sp-symmetry-006.mp3,question|spatial|g1SpatialSymmetryMirror|symmetryMirror
audio-sp-symmetry-007,question.spatial,strong_pack,playful,question,geometry,symmetryMirror,"On the rainbow mat, which side makes the picture symmetrical? The picture is a heart.",audio-sp-symmetry-007.mp3,future/question/spatial/audio-sp-symmetry-007.mp3,question|spatial|g1SpatialSymmetryMirror|symmetryMirror
audio-sp-symmetry-008,question.spatial,strong_pack,playful,question,geometry,symmetryMirror,"On the puzzle shelf, choose the half that matches like a mirror. The picture is a butterfly.",audio-sp-symmetry-008.mp3,future/question/spatial/audio-sp-symmetry-008.mp3,question|spatial|g1SpatialSymmetryMirror|symmetryMirror
audio-sp-symmetry-009,question.spatial,strong_pack,playful,question,geometry,symmetryMirror,"On the number meadow, which choice completes the mirror picture? The picture is a star.",audio-sp-symmetry-009.mp3,future/question/spatial/audio-sp-symmetry-009.mp3,question|spatial|g1SpatialSymmetryMirror|symmetryMirror
audio-sp-symmetry-010,question.spatial,strong_pack,playful,question,geometry,symmetryMirror,"On the shape station, pick the missing half across the vertical mirror line. The picture is a square pattern.",audio-sp-symmetry-010.mp3,future/question/spatial/audio-sp-symmetry-010.mp3,question|spatial|g1SpatialSymmetryMirror|symmetryMirror
audio-sp-symmetry-011,question.spatial,strong_pack,playful,question,geometry,symmetryMirror,"On the sticker scene, which side makes the picture symmetrical? The picture is a leaf.",audio-sp-symmetry-011.mp3,future/question/spatial/audio-sp-symmetry-011.mp3,question|spatial|g1SpatialSymmetryMirror|symmetryMirror
audio-sp-symmetry-012,question.spatial,strong_pack,playful,question,geometry,symmetryMirror,"On the playroom grid, choose the half that matches like a mirror. The picture is a rocket badge.",audio-sp-symmetry-012.mp3,future/question/spatial/audio-sp-symmetry-012.mp3,question|spatial|g1SpatialSymmetryMirror|symmetryMirror
audio-sp-symmetry-013,question.spatial,strong_pack,playful,question,geometry,symmetryMirror,"On the mountain path, which choice completes the mirror picture? The picture is a heart.",audio-sp-symmetry-013.mp3,future/question/spatial/audio-sp-symmetry-013.mp3,question|spatial|g1SpatialSymmetryMirror|symmetryMirror
audio-sp-symmetry-014,question.spatial,strong_pack,playful,question,geometry,symmetryMirror,"On the beach board, pick the missing half across the vertical mirror line. The picture is a butterfly.",audio-sp-symmetry-014.mp3,future/question/spatial/audio-sp-symmetry-014.mp3,question|spatial|g1SpatialSymmetryMirror|symmetryMirror
audio-sp-symmetry-015,question.spatial,strong_pack,playful,question,geometry,symmetryMirror,"On the forest map, which side makes the picture symmetrical? The picture is a star.",audio-sp-symmetry-015.mp3,future/question/spatial/audio-sp-symmetry-015.mp3,question|spatial|g1SpatialSymmetryMirror|symmetryMirror
audio-sp-symmetry-016,question.spatial,strong_pack,playful,question,geometry,symmetryMirror,"On the classroom chart, choose the half that matches like a mirror. The picture is a square pattern.",audio-sp-symmetry-016.mp3,future/question/spatial/audio-sp-symmetry-016.mp3,question|spatial|g1SpatialSymmetryMirror|symmetryMirror
audio-sp-symmetry-017,question.spatial,strong_pack,playful,question,geometry,symmetryMirror,"On the festival board, which choice completes the mirror picture? The picture is a leaf.",audio-sp-symmetry-017.mp3,future/question/spatial/audio-sp-symmetry-017.mp3,question|spatial|g1SpatialSymmetryMirror|symmetryMirror
audio-sp-symmetry-018,question.spatial,strong_pack,playful,question,geometry,symmetryMirror,"On the star map, pick the missing half across the vertical mirror line. The picture is a rocket badge.",audio-sp-symmetry-018.mp3,future/question/spatial/audio-sp-symmetry-018.mp3,question|spatial|g1SpatialSymmetryMirror|symmetryMirror
audio-sp-symmetry-019,question.spatial,strong_pack,playful,question,geometry,symmetryMirror,"On the garden board, which side makes the picture symmetrical? The picture is a heart.",audio-sp-symmetry-019.mp3,future/question/spatial/audio-sp-symmetry-019.mp3,question|spatial|g1SpatialSymmetryMirror|symmetryMirror
audio-sp-symmetry-020,question.spatial,strong_pack,playful,question,geometry,symmetryMirror,"On the treasure path, choose the half that matches like a mirror. The picture is a butterfly.",audio-sp-symmetry-020.mp3,future/question/spatial/audio-sp-symmetry-020.mp3,question|spatial|g1SpatialSymmetryMirror|symmetryMirror
audio-sp-symmetry-021,question.spatial,strong_pack,playful,question,geometry,symmetryMirror,"On the reef picture, which choice completes the mirror picture? The picture is a star.",audio-sp-symmetry-021.mp3,future/question/spatial/audio-sp-symmetry-021.mp3,question|spatial|g1SpatialSymmetryMirror|symmetryMirror
audio-sp-symmetry-022,question.spatial,strong_pack,playful,question,geometry,symmetryMirror,"On the candy trail, pick the missing half across the vertical mirror line. The picture is a square pattern.",audio-sp-symmetry-022.mp3,future/question/spatial/audio-sp-symmetry-022.mp3,question|spatial|g1SpatialSymmetryMirror|symmetryMirror
audio-sp-symmetry-023,question.spatial,strong_pack,playful,question,geometry,symmetryMirror,"On the rocket panel, which side makes the picture symmetrical? The picture is a leaf.",audio-sp-symmetry-023.mp3,future/question/spatial/audio-sp-symmetry-023.mp3,question|spatial|g1SpatialSymmetryMirror|symmetryMirror
audio-sp-symmetry-024,question.spatial,strong_pack,playful,question,geometry,symmetryMirror,"On the rainbow mat, choose the half that matches like a mirror. The picture is a rocket badge.",audio-sp-symmetry-024.mp3,future/question/spatial/audio-sp-symmetry-024.mp3,question|spatial|g1SpatialSymmetryMirror|symmetryMirror
audio-sp-symmetry-025,question.spatial,strong_pack,playful,question,geometry,symmetryMirror,"On the puzzle shelf, which choice completes the mirror picture? The picture is a heart.",audio-sp-symmetry-025.mp3,future/question/spatial/audio-sp-symmetry-025.mp3,question|spatial|g1SpatialSymmetryMirror|symmetryMirror
audio-sp-symmetry-026,question.spatial,strong_pack,playful,question,geometry,symmetryMirror,"On the number meadow, pick the missing half across the vertical mirror line. The picture is a butterfly.",audio-sp-symmetry-026.mp3,future/question/spatial/audio-sp-symmetry-026.mp3,question|spatial|g1SpatialSymmetryMirror|symmetryMirror
audio-sp-symmetry-027,question.spatial,strong_pack,playful,question,geometry,symmetryMirror,"On the shape station, which side makes the picture symmetrical? The picture is a star.",audio-sp-symmetry-027.mp3,future/question/spatial/audio-sp-symmetry-027.mp3,question|spatial|g1SpatialSymmetryMirror|symmetryMirror
audio-sp-symmetry-028,question.spatial,strong_pack,playful,question,geometry,symmetryMirror,"On the sticker scene, choose the half that matches like a mirror. The picture is a square pattern.",audio-sp-symmetry-028.mp3,future/question/spatial/audio-sp-symmetry-028.mp3,question|spatial|g1SpatialSymmetryMirror|symmetryMirror
audio-sp-symmetry-029,question.spatial,strong_pack,playful,question,geometry,symmetryMirror,"On the playroom grid, which choice completes the mirror picture? The picture is a leaf.",audio-sp-symmetry-029.mp3,future/question/spatial/audio-sp-symmetry-029.mp3,question|spatial|g1SpatialSymmetryMirror|symmetryMirror
audio-sp-symmetry-030,question.spatial,strong_pack,playful,question,geometry,symmetryMirror,"On the mountain path, pick the missing half across the vertical mirror line. The picture is a rocket badge.",audio-sp-symmetry-030.mp3,future/question/spatial/audio-sp-symmetry-030.mp3,question|spatial|g1SpatialSymmetryMirror|symmetryMirror
audio-sp-symmetry-031,question.spatial,strong_pack,playful,question,geometry,symmetryMirror,"On the beach board, which side makes the picture symmetrical? The picture is a heart.",audio-sp-symmetry-031.mp3,future/question/spatial/audio-sp-symmetry-031.mp3,question|spatial|g1SpatialSymmetryMirror|symmetryMirror
audio-sp-symmetry-032,question.spatial,strong_pack,playful,question,geometry,symmetryMirror,"On the forest map, choose the half that matches like a mirror. The picture is a butterfly.",audio-sp-symmetry-032.mp3,future/question/spatial/audio-sp-symmetry-032.mp3,question|spatial|g1SpatialSymmetryMirror|symmetryMirror
audio-sp-symmetry-033,question.spatial,strong_pack,playful,question,geometry,symmetryMirror,"On the classroom chart, which choice completes the mirror picture? The picture is a star.",audio-sp-symmetry-033.mp3,future/question/spatial/audio-sp-symmetry-033.mp3,question|spatial|g1SpatialSymmetryMirror|symmetryMirror
audio-sp-symmetry-034,question.spatial,strong_pack,playful,question,geometry,symmetryMirror,"On the festival board, pick the missing half across the vertical mirror line. The picture is a square pattern.",audio-sp-symmetry-034.mp3,future/question/spatial/audio-sp-symmetry-034.mp3,question|spatial|g1SpatialSymmetryMirror|symmetryMirror
audio-sp-symmetry-035,question.spatial,strong_pack,playful,question,geometry,symmetryMirror,"On the star map, which side makes the picture symmetrical? The picture is a leaf.",audio-sp-symmetry-035.mp3,future/question/spatial/audio-sp-symmetry-035.mp3,question|spatial|g1SpatialSymmetryMirror|symmetryMirror
audio-sp-symmetry-036,question.spatial,strong_pack,playful,question,geometry,symmetryMirror,"On the garden board, choose the half that matches like a mirror. The picture is a rocket badge.",audio-sp-symmetry-036.mp3,future/question/spatial/audio-sp-symmetry-036.mp3,question|spatial|g1SpatialSymmetryMirror|symmetryMirror
audio-sp-symmetry-037,question.spatial,strong_pack,playful,question,geometry,symmetryMirror,"On the treasure path, which choice completes the mirror picture? The picture is a heart.",audio-sp-symmetry-037.mp3,future/question/spatial/audio-sp-symmetry-037.mp3,question|spatial|g1SpatialSymmetryMirror|symmetryMirror
audio-sp-symmetry-038,question.spatial,strong_pack,playful,question,geometry,symmetryMirror,"On the reef picture, pick the missing half across the vertical mirror line. The picture is a butterfly.",audio-sp-symmetry-038.mp3,future/question/spatial/audio-sp-symmetry-038.mp3,question|spatial|g1SpatialSymmetryMirror|symmetryMirror
audio-sp-symmetry-039,question.spatial,strong_pack,playful,question,geometry,symmetryMirror,"On the candy trail, which side makes the picture symmetrical? The picture is a star.",audio-sp-symmetry-039.mp3,future/question/spatial/audio-sp-symmetry-039.mp3,question|spatial|g1SpatialSymmetryMirror|symmetryMirror
audio-sp-symmetry-040,question.spatial,strong_pack,playful,question,geometry,symmetryMirror,"On the rocket panel, choose the half that matches like a mirror. The picture is a square pattern.",audio-sp-symmetry-040.mp3,future/question/spatial/audio-sp-symmetry-040.mp3,question|spatial|g1SpatialSymmetryMirror|symmetryMirror
audio-sp-symmetry-041,question.spatial,strong_pack,playful,question,geometry,symmetryMirror,"On the rainbow mat, which choice completes the mirror picture? The picture is a leaf.",audio-sp-symmetry-041.mp3,future/question/spatial/audio-sp-symmetry-041.mp3,question|spatial|g1SpatialSymmetryMirror|symmetryMirror
audio-sp-symmetry-042,question.spatial,strong_pack,playful,question,geometry,symmetryMirror,"On the puzzle shelf, pick the missing half across the vertical mirror line. The picture is a rocket badge.",audio-sp-symmetry-042.mp3,future/question/spatial/audio-sp-symmetry-042.mp3,question|spatial|g1SpatialSymmetryMirror|symmetryMirror
audio-sp-symmetry-043,question.spatial,strong_pack,playful,question,geometry,symmetryMirror,"On the number meadow, which side makes the picture symmetrical? The picture is a heart.",audio-sp-symmetry-043.mp3,future/question/spatial/audio-sp-symmetry-043.mp3,question|spatial|g1SpatialSymmetryMirror|symmetryMirror
audio-sp-symmetry-044,question.spatial,strong_pack,playful,question,geometry,symmetryMirror,"On the shape station, choose the half that matches like a mirror. The picture is a butterfly.",audio-sp-symmetry-044.mp3,future/question/spatial/audio-sp-symmetry-044.mp3,question|spatial|g1SpatialSymmetryMirror|symmetryMirror
audio-sp-symmetry-045,question.spatial,strong_pack,playful,question,geometry,symmetryMirror,"On the sticker scene, which choice completes the mirror picture? The picture is a star.",audio-sp-symmetry-045.mp3,future/question/spatial/audio-sp-symmetry-045.mp3,question|spatial|g1SpatialSymmetryMirror|symmetryMirror
audio-sp-symmetry-046,question.spatial,strong_pack,playful,question,geometry,symmetryMirror,"On the playroom grid, pick the missing half across the vertical mirror line. The picture is a square pattern.",audio-sp-symmetry-046.mp3,future/question/spatial/audio-sp-symmetry-046.mp3,question|spatial|g1SpatialSymmetryMirror|symmetryMirror
audio-sp-symmetry-047,question.spatial,strong_pack,playful,question,geometry,symmetryMirror,"On the mountain path, which side makes the picture symmetrical? The picture is a leaf.",audio-sp-symmetry-047.mp3,future/question/spatial/audio-sp-symmetry-047.mp3,question|spatial|g1SpatialSymmetryMirror|symmetryMirror
audio-sp-symmetry-048,question.spatial,strong_pack,playful,question,geometry,symmetryMirror,"On the beach board, choose the half that matches like a mirror. The picture is a rocket badge.",audio-sp-symmetry-048.mp3,future/question/spatial/audio-sp-symmetry-048.mp3,question|spatial|g1SpatialSymmetryMirror|symmetryMirror
audio-sp-symmetry-049,question.spatial,strong_pack,playful,question,geometry,symmetryMirror,"On the forest map, which choice completes the mirror picture? The picture is a heart.",audio-sp-symmetry-049.mp3,future/question/spatial/audio-sp-symmetry-049.mp3,question|spatial|g1SpatialSymmetryMirror|symmetryMirror
audio-sp-symmetry-050,question.spatial,strong_pack,playful,question,geometry,symmetryMirror,"On the classroom chart, pick the missing half across the vertical mirror line. The picture is a butterfly.",audio-sp-symmetry-050.mp3,future/question/spatial/audio-sp-symmetry-050.mp3,question|spatial|g1SpatialSymmetryMirror|symmetryMirror
audio-sp-symmetry-051,question.spatial,strong_pack,playful,question,geometry,symmetryMirror,"On the festival board, which side makes the picture symmetrical? The picture is a star.",audio-sp-symmetry-051.mp3,future/question/spatial/audio-sp-symmetry-051.mp3,question|spatial|g1SpatialSymmetryMirror|symmetryMirror
audio-sp-symmetry-052,question.spatial,strong_pack,playful,question,geometry,symmetryMirror,"On the star map, choose the half that matches like a mirror. The picture is a square pattern.",audio-sp-symmetry-052.mp3,future/question/spatial/audio-sp-symmetry-052.mp3,question|spatial|g1SpatialSymmetryMirror|symmetryMirror
audio-sp-symmetry-053,question.spatial,strong_pack,playful,question,geometry,symmetryMirror,"On the garden board, which choice completes the mirror picture? The picture is a leaf.",audio-sp-symmetry-053.mp3,future/question/spatial/audio-sp-symmetry-053.mp3,question|spatial|g1SpatialSymmetryMirror|symmetryMirror
audio-sp-symmetry-054,question.spatial,strong_pack,playful,question,geometry,symmetryMirror,"On the treasure path, pick the missing half across the vertical mirror line. The picture is a rocket badge.",audio-sp-symmetry-054.mp3,future/question/spatial/audio-sp-symmetry-054.mp3,question|spatial|g1SpatialSymmetryMirror|symmetryMirror
audio-sp-symmetry-055,question.spatial,strong_pack,playful,question,geometry,symmetryMirror,"On the reef picture, which side makes the picture symmetrical? The picture is a heart.",audio-sp-symmetry-055.mp3,future/question/spatial/audio-sp-symmetry-055.mp3,question|spatial|g1SpatialSymmetryMirror|symmetryMirror
audio-sp-symmetry-056,question.spatial,strong_pack,playful,question,geometry,symmetryMirror,"On the candy trail, choose the half that matches like a mirror. The picture is a butterfly.",audio-sp-symmetry-056.mp3,future/question/spatial/audio-sp-symmetry-056.mp3,question|spatial|g1SpatialSymmetryMirror|symmetryMirror
audio-sp-symmetry-057,question.spatial,strong_pack,playful,question,geometry,symmetryMirror,"On the rocket panel, which choice completes the mirror picture? The picture is a star.",audio-sp-symmetry-057.mp3,future/question/spatial/audio-sp-symmetry-057.mp3,question|spatial|g1SpatialSymmetryMirror|symmetryMirror
audio-sp-symmetry-058,question.spatial,strong_pack,playful,question,geometry,symmetryMirror,"On the rainbow mat, pick the missing half across the vertical mirror line. The picture is a square pattern.",audio-sp-symmetry-058.mp3,future/question/spatial/audio-sp-symmetry-058.mp3,question|spatial|g1SpatialSymmetryMirror|symmetryMirror
audio-sp-symmetry-059,question.spatial,strong_pack,playful,question,geometry,symmetryMirror,"On the puzzle shelf, which side makes the picture symmetrical? The picture is a leaf.",audio-sp-symmetry-059.mp3,future/question/spatial/audio-sp-symmetry-059.mp3,question|spatial|g1SpatialSymmetryMirror|symmetryMirror
audio-sp-symmetry-060,question.spatial,strong_pack,playful,question,geometry,symmetryMirror,"On the number meadow, choose the half that matches like a mirror. The picture is a rocket badge.",audio-sp-symmetry-060.mp3,future/question/spatial/audio-sp-symmetry-060.mp3,question|spatial|g1SpatialSymmetryMirror|symmetryMirror
audio-sp-grid-path-001,question.spatial,strong_pack,playful,question,geometry,gridPath,"On the star map, start at star. Move 2 right and 1 up. Where do you land?",audio-sp-grid-path-001.mp3,future/question/spatial/audio-sp-grid-path-001.mp3,question|spatial|g2SpatialGridPaths|gridPath
audio-sp-grid-path-002,question.spatial,strong_pack,playful,question,geometry,gridPath,"On the garden board, follow the path from rocket: 1 left and 2 down. Which object is there?",audio-sp-grid-path-002.mp3,future/question/spatial/audio-sp-grid-path-002.mp3,question|spatial|g2SpatialGridPaths|gridPath
audio-sp-grid-path-003,question.spatial,strong_pack,playful,question,geometry,gridPath,"On the treasure path, use the grid directions. From shell, go 3 right.",audio-sp-grid-path-003.mp3,future/question/spatial/audio-sp-grid-path-003.mp3,question|spatial|g2SpatialGridPaths|gridPath
audio-sp-grid-path-004,question.spatial,strong_pack,playful,question,geometry,gridPath,"On the reef picture, trace the moves from gem. What do you reach?",audio-sp-grid-path-004.mp3,future/question/spatial/audio-sp-grid-path-004.mp3,question|spatial|g2SpatialGridPaths|gridPath
audio-sp-grid-path-005,question.spatial,strong_pack,playful,question,geometry,gridPath,"On the candy trail, start at key. Move 1 right and 2 down. Where do you land?",audio-sp-grid-path-005.mp3,future/question/spatial/audio-sp-grid-path-005.mp3,question|spatial|g2SpatialGridPaths|gridPath
audio-sp-grid-path-006,question.spatial,strong_pack,playful,question,geometry,gridPath,"On the rocket panel, follow the path from flag: 2 left and 1 up. Which object is there?",audio-sp-grid-path-006.mp3,future/question/spatial/audio-sp-grid-path-006.mp3,question|spatial|g2SpatialGridPaths|gridPath
audio-sp-grid-path-007,question.spatial,strong_pack,playful,question,geometry,gridPath,"On the rainbow mat, use the grid directions. From heart, go 1 down and 3 right.",audio-sp-grid-path-007.mp3,future/question/spatial/audio-sp-grid-path-007.mp3,question|spatial|g2SpatialGridPaths|gridPath
audio-sp-grid-path-008,question.spatial,strong_pack,playful,question,geometry,gridPath,"On the puzzle shelf, trace the moves from moon. What do you reach?",audio-sp-grid-path-008.mp3,future/question/spatial/audio-sp-grid-path-008.mp3,question|spatial|g2SpatialGridPaths|gridPath
audio-sp-grid-path-009,question.spatial,strong_pack,playful,question,geometry,gridPath,"On the number meadow, start at flower. Move 2 right and 1 up. Where do you land?",audio-sp-grid-path-009.mp3,future/question/spatial/audio-sp-grid-path-009.mp3,question|spatial|g2SpatialGridPaths|gridPath
audio-sp-grid-path-010,question.spatial,strong_pack,playful,question,geometry,gridPath,"On the shape station, follow the path from book: 1 left and 2 down. Which object is there?",audio-sp-grid-path-010.mp3,future/question/spatial/audio-sp-grid-path-010.mp3,question|spatial|g2SpatialGridPaths|gridPath
audio-sp-grid-path-011,question.spatial,strong_pack,playful,question,geometry,gridPath,"On the sticker scene, use the grid directions. From coin, go 3 right.",audio-sp-grid-path-011.mp3,future/question/spatial/audio-sp-grid-path-011.mp3,question|spatial|g2SpatialGridPaths|gridPath
audio-sp-grid-path-012,question.spatial,strong_pack,playful,question,geometry,gridPath,"On the playroom grid, trace the moves from kite. What do you reach?",audio-sp-grid-path-012.mp3,future/question/spatial/audio-sp-grid-path-012.mp3,question|spatial|g2SpatialGridPaths|gridPath
audio-sp-grid-path-013,question.spatial,strong_pack,playful,question,geometry,gridPath,"On the mountain path, start at star. Move 1 right and 2 down. Where do you land?",audio-sp-grid-path-013.mp3,future/question/spatial/audio-sp-grid-path-013.mp3,question|spatial|g2SpatialGridPaths|gridPath
audio-sp-grid-path-014,question.spatial,strong_pack,playful,question,geometry,gridPath,"On the beach board, follow the path from rocket: 2 left and 1 up. Which object is there?",audio-sp-grid-path-014.mp3,future/question/spatial/audio-sp-grid-path-014.mp3,question|spatial|g2SpatialGridPaths|gridPath
audio-sp-grid-path-015,question.spatial,strong_pack,playful,question,geometry,gridPath,"On the forest map, use the grid directions. From shell, go 1 down and 3 right.",audio-sp-grid-path-015.mp3,future/question/spatial/audio-sp-grid-path-015.mp3,question|spatial|g2SpatialGridPaths|gridPath
audio-sp-grid-path-016,question.spatial,strong_pack,playful,question,geometry,gridPath,"On the classroom chart, trace the moves from gem. What do you reach?",audio-sp-grid-path-016.mp3,future/question/spatial/audio-sp-grid-path-016.mp3,question|spatial|g2SpatialGridPaths|gridPath
audio-sp-grid-path-017,question.spatial,strong_pack,playful,question,geometry,gridPath,"On the festival board, start at key. Move 2 right and 1 up. Where do you land?",audio-sp-grid-path-017.mp3,future/question/spatial/audio-sp-grid-path-017.mp3,question|spatial|g2SpatialGridPaths|gridPath
audio-sp-grid-path-018,question.spatial,strong_pack,playful,question,geometry,gridPath,"On the star map, follow the path from flag: 1 left and 2 down. Which object is there?",audio-sp-grid-path-018.mp3,future/question/spatial/audio-sp-grid-path-018.mp3,question|spatial|g2SpatialGridPaths|gridPath
audio-sp-grid-path-019,question.spatial,strong_pack,playful,question,geometry,gridPath,"On the garden board, use the grid directions. From heart, go 3 right.",audio-sp-grid-path-019.mp3,future/question/spatial/audio-sp-grid-path-019.mp3,question|spatial|g2SpatialGridPaths|gridPath
audio-sp-grid-path-020,question.spatial,strong_pack,playful,question,geometry,gridPath,"On the treasure path, trace the moves from moon. What do you reach?",audio-sp-grid-path-020.mp3,future/question/spatial/audio-sp-grid-path-020.mp3,question|spatial|g2SpatialGridPaths|gridPath
audio-sp-grid-path-021,question.spatial,strong_pack,playful,question,geometry,gridPath,"On the reef picture, start at flower. Move 1 right and 2 down. Where do you land?",audio-sp-grid-path-021.mp3,future/question/spatial/audio-sp-grid-path-021.mp3,question|spatial|g2SpatialGridPaths|gridPath
audio-sp-grid-path-022,question.spatial,strong_pack,playful,question,geometry,gridPath,"On the candy trail, follow the path from book: 2 left and 1 up. Which object is there?",audio-sp-grid-path-022.mp3,future/question/spatial/audio-sp-grid-path-022.mp3,question|spatial|g2SpatialGridPaths|gridPath
audio-sp-grid-path-023,question.spatial,strong_pack,playful,question,geometry,gridPath,"On the rocket panel, use the grid directions. From coin, go 1 down and 3 right.",audio-sp-grid-path-023.mp3,future/question/spatial/audio-sp-grid-path-023.mp3,question|spatial|g2SpatialGridPaths|gridPath
audio-sp-grid-path-024,question.spatial,strong_pack,playful,question,geometry,gridPath,"On the rainbow mat, trace the moves from kite. What do you reach?",audio-sp-grid-path-024.mp3,future/question/spatial/audio-sp-grid-path-024.mp3,question|spatial|g2SpatialGridPaths|gridPath
audio-sp-grid-path-025,question.spatial,strong_pack,playful,question,geometry,gridPath,"On the puzzle shelf, start at star. Move 2 right and 1 up. Where do you land?",audio-sp-grid-path-025.mp3,future/question/spatial/audio-sp-grid-path-025.mp3,question|spatial|g2SpatialGridPaths|gridPath
audio-sp-grid-path-026,question.spatial,strong_pack,playful,question,geometry,gridPath,"On the number meadow, follow the path from rocket: 1 left and 2 down. Which object is there?",audio-sp-grid-path-026.mp3,future/question/spatial/audio-sp-grid-path-026.mp3,question|spatial|g2SpatialGridPaths|gridPath
audio-sp-grid-path-027,question.spatial,strong_pack,playful,question,geometry,gridPath,"On the shape station, use the grid directions. From shell, go 3 right.",audio-sp-grid-path-027.mp3,future/question/spatial/audio-sp-grid-path-027.mp3,question|spatial|g2SpatialGridPaths|gridPath
audio-sp-grid-path-028,question.spatial,strong_pack,playful,question,geometry,gridPath,"On the sticker scene, trace the moves from gem. What do you reach?",audio-sp-grid-path-028.mp3,future/question/spatial/audio-sp-grid-path-028.mp3,question|spatial|g2SpatialGridPaths|gridPath
audio-sp-grid-path-029,question.spatial,strong_pack,playful,question,geometry,gridPath,"On the playroom grid, start at key. Move 1 right and 2 down. Where do you land?",audio-sp-grid-path-029.mp3,future/question/spatial/audio-sp-grid-path-029.mp3,question|spatial|g2SpatialGridPaths|gridPath
audio-sp-grid-path-030,question.spatial,strong_pack,playful,question,geometry,gridPath,"On the mountain path, follow the path from flag: 2 left and 1 up. Which object is there?",audio-sp-grid-path-030.mp3,future/question/spatial/audio-sp-grid-path-030.mp3,question|spatial|g2SpatialGridPaths|gridPath
audio-sp-grid-path-031,question.spatial,strong_pack,playful,question,geometry,gridPath,"On the beach board, use the grid directions. From heart, go 1 down and 3 right.",audio-sp-grid-path-031.mp3,future/question/spatial/audio-sp-grid-path-031.mp3,question|spatial|g2SpatialGridPaths|gridPath
audio-sp-grid-path-032,question.spatial,strong_pack,playful,question,geometry,gridPath,"On the forest map, trace the moves from moon. What do you reach?",audio-sp-grid-path-032.mp3,future/question/spatial/audio-sp-grid-path-032.mp3,question|spatial|g2SpatialGridPaths|gridPath
audio-sp-grid-path-033,question.spatial,strong_pack,playful,question,geometry,gridPath,"On the classroom chart, start at flower. Move 2 right and 1 up. Where do you land?",audio-sp-grid-path-033.mp3,future/question/spatial/audio-sp-grid-path-033.mp3,question|spatial|g2SpatialGridPaths|gridPath
audio-sp-grid-path-034,question.spatial,strong_pack,playful,question,geometry,gridPath,"On the festival board, follow the path from book: 1 left and 2 down. Which object is there?",audio-sp-grid-path-034.mp3,future/question/spatial/audio-sp-grid-path-034.mp3,question|spatial|g2SpatialGridPaths|gridPath
audio-sp-grid-path-035,question.spatial,strong_pack,playful,question,geometry,gridPath,"On the star map, use the grid directions. From coin, go 3 right.",audio-sp-grid-path-035.mp3,future/question/spatial/audio-sp-grid-path-035.mp3,question|spatial|g2SpatialGridPaths|gridPath
audio-sp-grid-path-036,question.spatial,strong_pack,playful,question,geometry,gridPath,"On the garden board, trace the moves from kite. What do you reach?",audio-sp-grid-path-036.mp3,future/question/spatial/audio-sp-grid-path-036.mp3,question|spatial|g2SpatialGridPaths|gridPath
audio-sp-grid-path-037,question.spatial,strong_pack,playful,question,geometry,gridPath,"On the treasure path, start at star. Move 1 right and 2 down. Where do you land?",audio-sp-grid-path-037.mp3,future/question/spatial/audio-sp-grid-path-037.mp3,question|spatial|g2SpatialGridPaths|gridPath
audio-sp-grid-path-038,question.spatial,strong_pack,playful,question,geometry,gridPath,"On the reef picture, follow the path from rocket: 2 left and 1 up. Which object is there?",audio-sp-grid-path-038.mp3,future/question/spatial/audio-sp-grid-path-038.mp3,question|spatial|g2SpatialGridPaths|gridPath
audio-sp-grid-path-039,question.spatial,strong_pack,playful,question,geometry,gridPath,"On the candy trail, use the grid directions. From shell, go 1 down and 3 right.",audio-sp-grid-path-039.mp3,future/question/spatial/audio-sp-grid-path-039.mp3,question|spatial|g2SpatialGridPaths|gridPath
audio-sp-grid-path-040,question.spatial,strong_pack,playful,question,geometry,gridPath,"On the rocket panel, trace the moves from gem. What do you reach?",audio-sp-grid-path-040.mp3,future/question/spatial/audio-sp-grid-path-040.mp3,question|spatial|g2SpatialGridPaths|gridPath
audio-sp-grid-path-041,question.spatial,strong_pack,playful,question,geometry,gridPath,"On the rainbow mat, start at key. Move 2 right and 1 up. Where do you land?",audio-sp-grid-path-041.mp3,future/question/spatial/audio-sp-grid-path-041.mp3,question|spatial|g2SpatialGridPaths|gridPath
audio-sp-grid-path-042,question.spatial,strong_pack,playful,question,geometry,gridPath,"On the puzzle shelf, follow the path from flag: 1 left and 2 down. Which object is there?",audio-sp-grid-path-042.mp3,future/question/spatial/audio-sp-grid-path-042.mp3,question|spatial|g2SpatialGridPaths|gridPath
audio-sp-grid-path-043,question.spatial,strong_pack,playful,question,geometry,gridPath,"On the number meadow, use the grid directions. From heart, go 3 right.",audio-sp-grid-path-043.mp3,future/question/spatial/audio-sp-grid-path-043.mp3,question|spatial|g2SpatialGridPaths|gridPath
audio-sp-grid-path-044,question.spatial,strong_pack,playful,question,geometry,gridPath,"On the shape station, trace the moves from moon. What do you reach?",audio-sp-grid-path-044.mp3,future/question/spatial/audio-sp-grid-path-044.mp3,question|spatial|g2SpatialGridPaths|gridPath
audio-sp-grid-path-045,question.spatial,strong_pack,playful,question,geometry,gridPath,"On the sticker scene, start at flower. Move 1 right and 2 down. Where do you land?",audio-sp-grid-path-045.mp3,future/question/spatial/audio-sp-grid-path-045.mp3,question|spatial|g2SpatialGridPaths|gridPath
audio-sp-grid-path-046,question.spatial,strong_pack,playful,question,geometry,gridPath,"On the playroom grid, follow the path from book: 2 left and 1 up. Which object is there?",audio-sp-grid-path-046.mp3,future/question/spatial/audio-sp-grid-path-046.mp3,question|spatial|g2SpatialGridPaths|gridPath
audio-sp-grid-path-047,question.spatial,strong_pack,playful,question,geometry,gridPath,"On the mountain path, use the grid directions. From coin, go 1 down and 3 right.",audio-sp-grid-path-047.mp3,future/question/spatial/audio-sp-grid-path-047.mp3,question|spatial|g2SpatialGridPaths|gridPath
audio-sp-grid-path-048,question.spatial,strong_pack,playful,question,geometry,gridPath,"On the beach board, trace the moves from kite. What do you reach?",audio-sp-grid-path-048.mp3,future/question/spatial/audio-sp-grid-path-048.mp3,question|spatial|g2SpatialGridPaths|gridPath
audio-sp-grid-path-049,question.spatial,strong_pack,playful,question,geometry,gridPath,"On the forest map, start at star. Move 2 right and 1 up. Where do you land?",audio-sp-grid-path-049.mp3,future/question/spatial/audio-sp-grid-path-049.mp3,question|spatial|g2SpatialGridPaths|gridPath
audio-sp-grid-path-050,question.spatial,strong_pack,playful,question,geometry,gridPath,"On the classroom chart, follow the path from rocket: 1 left and 2 down. Which object is there?",audio-sp-grid-path-050.mp3,future/question/spatial/audio-sp-grid-path-050.mp3,question|spatial|g2SpatialGridPaths|gridPath
audio-sp-grid-path-051,question.spatial,strong_pack,playful,question,geometry,gridPath,"On the festival board, use the grid directions. From shell, go 3 right.",audio-sp-grid-path-051.mp3,future/question/spatial/audio-sp-grid-path-051.mp3,question|spatial|g2SpatialGridPaths|gridPath
audio-sp-grid-path-052,question.spatial,strong_pack,playful,question,geometry,gridPath,"On the star map, trace the moves from gem. What do you reach?",audio-sp-grid-path-052.mp3,future/question/spatial/audio-sp-grid-path-052.mp3,question|spatial|g2SpatialGridPaths|gridPath
audio-sp-grid-path-053,question.spatial,strong_pack,playful,question,geometry,gridPath,"On the garden board, start at key. Move 1 right and 2 down. Where do you land?",audio-sp-grid-path-053.mp3,future/question/spatial/audio-sp-grid-path-053.mp3,question|spatial|g2SpatialGridPaths|gridPath
audio-sp-grid-path-054,question.spatial,strong_pack,playful,question,geometry,gridPath,"On the treasure path, follow the path from flag: 2 left and 1 up. Which object is there?",audio-sp-grid-path-054.mp3,future/question/spatial/audio-sp-grid-path-054.mp3,question|spatial|g2SpatialGridPaths|gridPath
audio-sp-grid-path-055,question.spatial,strong_pack,playful,question,geometry,gridPath,"On the reef picture, use the grid directions. From heart, go 1 down and 3 right.",audio-sp-grid-path-055.mp3,future/question/spatial/audio-sp-grid-path-055.mp3,question|spatial|g2SpatialGridPaths|gridPath
audio-sp-grid-path-056,question.spatial,strong_pack,playful,question,geometry,gridPath,"On the candy trail, trace the moves from moon. What do you reach?",audio-sp-grid-path-056.mp3,future/question/spatial/audio-sp-grid-path-056.mp3,question|spatial|g2SpatialGridPaths|gridPath
audio-sp-grid-path-057,question.spatial,strong_pack,playful,question,geometry,gridPath,"On the rocket panel, start at flower. Move 2 right and 1 up. Where do you land?",audio-sp-grid-path-057.mp3,future/question/spatial/audio-sp-grid-path-057.mp3,question|spatial|g2SpatialGridPaths|gridPath
audio-sp-grid-path-058,question.spatial,strong_pack,playful,question,geometry,gridPath,"On the rainbow mat, follow the path from book: 1 left and 2 down. Which object is there?",audio-sp-grid-path-058.mp3,future/question/spatial/audio-sp-grid-path-058.mp3,question|spatial|g2SpatialGridPaths|gridPath
audio-sp-grid-path-059,question.spatial,strong_pack,playful,question,geometry,gridPath,"On the puzzle shelf, use the grid directions. From coin, go 3 right.",audio-sp-grid-path-059.mp3,future/question/spatial/audio-sp-grid-path-059.mp3,question|spatial|g2SpatialGridPaths|gridPath
audio-sp-grid-path-060,question.spatial,strong_pack,playful,question,geometry,gridPath,"On the number meadow, trace the moves from kite. What do you reach?",audio-sp-grid-path-060.mp3,future/question/spatial/audio-sp-grid-path-060.mp3,question|spatial|g2SpatialGridPaths|gridPath
audio-sp-grid-path-061,question.spatial,strong_pack,playful,question,geometry,gridPath,"On the shape station, start at star. Move 1 right and 2 down. Where do you land?",audio-sp-grid-path-061.mp3,future/question/spatial/audio-sp-grid-path-061.mp3,question|spatial|g2SpatialGridPaths|gridPath
audio-sp-grid-path-062,question.spatial,strong_pack,playful,question,geometry,gridPath,"On the sticker scene, follow the path from rocket: 2 left and 1 up. Which object is there?",audio-sp-grid-path-062.mp3,future/question/spatial/audio-sp-grid-path-062.mp3,question|spatial|g2SpatialGridPaths|gridPath
audio-sp-grid-path-063,question.spatial,strong_pack,playful,question,geometry,gridPath,"On the playroom grid, use the grid directions. From shell, go 1 down and 3 right.",audio-sp-grid-path-063.mp3,future/question/spatial/audio-sp-grid-path-063.mp3,question|spatial|g2SpatialGridPaths|gridPath
audio-sp-grid-path-064,question.spatial,strong_pack,playful,question,geometry,gridPath,"On the mountain path, trace the moves from gem. What do you reach?",audio-sp-grid-path-064.mp3,future/question/spatial/audio-sp-grid-path-064.mp3,question|spatial|g2SpatialGridPaths|gridPath
audio-sp-grid-path-065,question.spatial,strong_pack,playful,question,geometry,gridPath,"On the beach board, start at key. Move 2 right and 1 up. Where do you land?",audio-sp-grid-path-065.mp3,future/question/spatial/audio-sp-grid-path-065.mp3,question|spatial|g2SpatialGridPaths|gridPath
audio-sp-grid-path-066,question.spatial,strong_pack,playful,question,geometry,gridPath,"On the forest map, follow the path from flag: 1 left and 2 down. Which object is there?",audio-sp-grid-path-066.mp3,future/question/spatial/audio-sp-grid-path-066.mp3,question|spatial|g2SpatialGridPaths|gridPath
audio-sp-grid-path-067,question.spatial,strong_pack,playful,question,geometry,gridPath,"On the classroom chart, use the grid directions. From heart, go 3 right.",audio-sp-grid-path-067.mp3,future/question/spatial/audio-sp-grid-path-067.mp3,question|spatial|g2SpatialGridPaths|gridPath
audio-sp-grid-path-068,question.spatial,strong_pack,playful,question,geometry,gridPath,"On the festival board, trace the moves from moon. What do you reach?",audio-sp-grid-path-068.mp3,future/question/spatial/audio-sp-grid-path-068.mp3,question|spatial|g2SpatialGridPaths|gridPath
audio-sp-grid-path-069,question.spatial,strong_pack,playful,question,geometry,gridPath,"On the star map, start at flower. Move 1 right and 2 down. Where do you land?",audio-sp-grid-path-069.mp3,future/question/spatial/audio-sp-grid-path-069.mp3,question|spatial|g2SpatialGridPaths|gridPath
audio-sp-grid-path-070,question.spatial,strong_pack,playful,question,geometry,gridPath,"On the garden board, follow the path from book: 2 left and 1 up. Which object is there?",audio-sp-grid-path-070.mp3,future/question/spatial/audio-sp-grid-path-070.mp3,question|spatial|g2SpatialGridPaths|gridPath
audio-sp-grid-path-071,question.spatial,strong_pack,playful,question,geometry,gridPath,"On the treasure path, use the grid directions. From coin, go 1 down and 3 right.",audio-sp-grid-path-071.mp3,future/question/spatial/audio-sp-grid-path-071.mp3,question|spatial|g2SpatialGridPaths|gridPath
audio-sp-grid-path-072,question.spatial,strong_pack,playful,question,geometry,gridPath,"On the reef picture, trace the moves from kite. What do you reach?",audio-sp-grid-path-072.mp3,future/question/spatial/audio-sp-grid-path-072.mp3,question|spatial|g2SpatialGridPaths|gridPath
audio-sp-grid-path-073,question.spatial,strong_pack,playful,question,geometry,gridPath,"On the candy trail, start at star. Move 2 right and 1 up. Where do you land?",audio-sp-grid-path-073.mp3,future/question/spatial/audio-sp-grid-path-073.mp3,question|spatial|g2SpatialGridPaths|gridPath
audio-sp-grid-path-074,question.spatial,strong_pack,playful,question,geometry,gridPath,"On the rocket panel, follow the path from rocket: 1 left and 2 down. Which object is there?",audio-sp-grid-path-074.mp3,future/question/spatial/audio-sp-grid-path-074.mp3,question|spatial|g2SpatialGridPaths|gridPath
audio-sp-grid-path-075,question.spatial,strong_pack,playful,question,geometry,gridPath,"On the rainbow mat, use the grid directions. From shell, go 3 right.",audio-sp-grid-path-075.mp3,future/question/spatial/audio-sp-grid-path-075.mp3,question|spatial|g2SpatialGridPaths|gridPath
audio-sp-grid-path-076,question.spatial,strong_pack,playful,question,geometry,gridPath,"On the puzzle shelf, trace the moves from gem. What do you reach?",audio-sp-grid-path-076.mp3,future/question/spatial/audio-sp-grid-path-076.mp3,question|spatial|g2SpatialGridPaths|gridPath
audio-sp-grid-path-077,question.spatial,strong_pack,playful,question,geometry,gridPath,"On the number meadow, start at key. Move 1 right and 2 down. Where do you land?",audio-sp-grid-path-077.mp3,future/question/spatial/audio-sp-grid-path-077.mp3,question|spatial|g2SpatialGridPaths|gridPath
audio-sp-grid-path-078,question.spatial,strong_pack,playful,question,geometry,gridPath,"On the shape station, follow the path from flag: 2 left and 1 up. Which object is there?",audio-sp-grid-path-078.mp3,future/question/spatial/audio-sp-grid-path-078.mp3,question|spatial|g2SpatialGridPaths|gridPath
audio-sp-grid-path-079,question.spatial,strong_pack,playful,question,geometry,gridPath,"On the sticker scene, use the grid directions. From heart, go 1 down and 3 right.",audio-sp-grid-path-079.mp3,future/question/spatial/audio-sp-grid-path-079.mp3,question|spatial|g2SpatialGridPaths|gridPath
audio-sp-grid-path-080,question.spatial,strong_pack,playful,question,geometry,gridPath,"On the playroom grid, trace the moves from moon. What do you reach?",audio-sp-grid-path-080.mp3,future/question/spatial/audio-sp-grid-path-080.mp3,question|spatial|g2SpatialGridPaths|gridPath
audio-sp-solid-001,question.spatial,strong_pack,playful,question,geometry,solidAttributes,"On the star map, which solid matches this clue: 6 equal square faces?",audio-sp-solid-001.mp3,future/question/spatial/audio-sp-solid-001.mp3,question|spatial|g2SpatialSolidAttributes|solidAttributes
audio-sp-solid-002,question.spatial,strong_pack,playful,question,geometry,solidAttributes,"On the garden board, pick the 3D shape with this clue: rectangle faces like a cereal box.",audio-sp-solid-002.mp3,future/question/spatial/audio-sp-solid-002.mp3,question|spatial|g2SpatialSolidAttributes|solidAttributes
audio-sp-solid-003,question.spatial,strong_pack,playful,question,geometry,solidAttributes,"On the treasure path, which solid has this attribute: round all over?",audio-sp-solid-003.mp3,future/question/spatial/audio-sp-solid-003.mp3,question|spatial|g2SpatialSolidAttributes|solidAttributes
audio-sp-solid-004,question.spatial,strong_pack,playful,question,geometry,solidAttributes,"On the reef picture, find the solid described by this clue: 2 circle faces.",audio-sp-solid-004.mp3,future/question/spatial/audio-sp-solid-004.mp3,question|spatial|g2SpatialSolidAttributes|solidAttributes
audio-sp-solid-005,question.spatial,strong_pack,playful,question,geometry,solidAttributes,"On the candy trail, which solid matches this clue: 1 point and 1 circle face?",audio-sp-solid-005.mp3,future/question/spatial/audio-sp-solid-005.mp3,question|spatial|g2SpatialSolidAttributes|solidAttributes
audio-sp-solid-006,question.spatial,strong_pack,playful,question,geometry,solidAttributes,"On the rocket panel, pick the 3D shape with this clue: 1 top point above a square base.",audio-sp-solid-006.mp3,future/question/spatial/audio-sp-solid-006.mp3,question|spatial|g2SpatialSolidAttributes|solidAttributes
audio-sp-solid-007,question.spatial,strong_pack,playful,question,geometry,solidAttributes,"On the rainbow mat, which solid has this attribute: only square faces?",audio-sp-solid-007.mp3,future/question/spatial/audio-sp-solid-007.mp3,question|spatial|g2SpatialSolidAttributes|solidAttributes
audio-sp-solid-008,question.spatial,strong_pack,playful,question,geometry,solidAttributes,"On the puzzle shelf, find the solid described by this clue: 6 flat faces that are not all squares.",audio-sp-solid-008.mp3,future/question/spatial/audio-sp-solid-008.mp3,question|spatial|g2SpatialSolidAttributes|solidAttributes
audio-sp-solid-009,question.spatial,strong_pack,playful,question,geometry,solidAttributes,"On the number meadow, which solid matches this clue: no flat faces?",audio-sp-solid-009.mp3,future/question/spatial/audio-sp-solid-009.mp3,question|spatial|g2SpatialSolidAttributes|solidAttributes
audio-sp-solid-010,question.spatial,strong_pack,playful,question,geometry,solidAttributes,"On the shape station, pick the 3D shape with this clue: one curved side and 2 flat circles.",audio-sp-solid-010.mp3,future/question/spatial/audio-sp-solid-010.mp3,question|spatial|g2SpatialSolidAttributes|solidAttributes
audio-sp-solid-011,question.spatial,strong_pack,playful,question,geometry,solidAttributes,"On the sticker scene, which solid has this attribute: looks like a party hat?",audio-sp-solid-011.mp3,future/question/spatial/audio-sp-solid-011.mp3,question|spatial|g2SpatialSolidAttributes|solidAttributes
audio-sp-solid-012,question.spatial,strong_pack,playful,question,geometry,solidAttributes,"On the playroom grid, find the solid described by this clue: looks like an Egyptian pyramid.",audio-sp-solid-012.mp3,future/question/spatial/audio-sp-solid-012.mp3,question|spatial|g2SpatialSolidAttributes|solidAttributes
audio-sp-solid-013,question.spatial,strong_pack,playful,question,geometry,solidAttributes,"On the mountain path, which solid matches this clue: looks like a dice?",audio-sp-solid-013.mp3,future/question/spatial/audio-sp-solid-013.mp3,question|spatial|g2SpatialSolidAttributes|solidAttributes
audio-sp-solid-014,question.spatial,strong_pack,playful,question,geometry,solidAttributes,"On the beach board, pick the 3D shape with this clue: a box shape with longer rectangle faces.",audio-sp-solid-014.mp3,future/question/spatial/audio-sp-solid-014.mp3,question|spatial|g2SpatialSolidAttributes|solidAttributes
audio-sp-solid-015,question.spatial,strong_pack,playful,question,geometry,solidAttributes,"On the forest map, which solid has this attribute: can roll in every direction?",audio-sp-solid-015.mp3,future/question/spatial/audio-sp-solid-015.mp3,question|spatial|g2SpatialSolidAttributes|solidAttributes
audio-sp-solid-016,question.spatial,strong_pack,playful,question,geometry,solidAttributes,"On the classroom chart, find the solid described by this clue: looks like a can.",audio-sp-solid-016.mp3,future/question/spatial/audio-sp-solid-016.mp3,question|spatial|g2SpatialSolidAttributes|solidAttributes
audio-sp-solid-017,question.spatial,strong_pack,playful,question,geometry,solidAttributes,"On the festival board, which solid matches this clue: 1 flat circle and 1 curved side?",audio-sp-solid-017.mp3,future/question/spatial/audio-sp-solid-017.mp3,question|spatial|g2SpatialSolidAttributes|solidAttributes
audio-sp-solid-018,question.spatial,strong_pack,playful,question,geometry,solidAttributes,"On the star map, pick the 3D shape with this clue: triangular faces and 1 square base.",audio-sp-solid-018.mp3,future/question/spatial/audio-sp-solid-018.mp3,question|spatial|g2SpatialSolidAttributes|solidAttributes
audio-sp-solid-019,question.spatial,strong_pack,playful,question,geometry,solidAttributes,"On the garden board, which solid has this attribute: 6 equal square faces?",audio-sp-solid-019.mp3,future/question/spatial/audio-sp-solid-019.mp3,question|spatial|g2SpatialSolidAttributes|solidAttributes
audio-sp-solid-020,question.spatial,strong_pack,playful,question,geometry,solidAttributes,"On the treasure path, find the solid described by this clue: rectangle faces like a cereal box.",audio-sp-solid-020.mp3,future/question/spatial/audio-sp-solid-020.mp3,question|spatial|g2SpatialSolidAttributes|solidAttributes
audio-sp-solid-021,question.spatial,strong_pack,playful,question,geometry,solidAttributes,"On the reef picture, which solid matches this clue: round all over?",audio-sp-solid-021.mp3,future/question/spatial/audio-sp-solid-021.mp3,question|spatial|g2SpatialSolidAttributes|solidAttributes
audio-sp-solid-022,question.spatial,strong_pack,playful,question,geometry,solidAttributes,"On the candy trail, pick the 3D shape with this clue: 2 circle faces.",audio-sp-solid-022.mp3,future/question/spatial/audio-sp-solid-022.mp3,question|spatial|g2SpatialSolidAttributes|solidAttributes
audio-sp-solid-023,question.spatial,strong_pack,playful,question,geometry,solidAttributes,"On the rocket panel, which solid has this attribute: 1 point and 1 circle face?",audio-sp-solid-023.mp3,future/question/spatial/audio-sp-solid-023.mp3,question|spatial|g2SpatialSolidAttributes|solidAttributes
audio-sp-solid-024,question.spatial,strong_pack,playful,question,geometry,solidAttributes,"On the rainbow mat, find the solid described by this clue: 1 top point above a square base.",audio-sp-solid-024.mp3,future/question/spatial/audio-sp-solid-024.mp3,question|spatial|g2SpatialSolidAttributes|solidAttributes
audio-sp-solid-025,question.spatial,strong_pack,playful,question,geometry,solidAttributes,"On the puzzle shelf, which solid matches this clue: only square faces?",audio-sp-solid-025.mp3,future/question/spatial/audio-sp-solid-025.mp3,question|spatial|g2SpatialSolidAttributes|solidAttributes
audio-sp-solid-026,question.spatial,strong_pack,playful,question,geometry,solidAttributes,"On the number meadow, pick the 3D shape with this clue: 6 flat faces that are not all squares.",audio-sp-solid-026.mp3,future/question/spatial/audio-sp-solid-026.mp3,question|spatial|g2SpatialSolidAttributes|solidAttributes
audio-sp-solid-027,question.spatial,strong_pack,playful,question,geometry,solidAttributes,"On the shape station, which solid has this attribute: no flat faces?",audio-sp-solid-027.mp3,future/question/spatial/audio-sp-solid-027.mp3,question|spatial|g2SpatialSolidAttributes|solidAttributes
audio-sp-solid-028,question.spatial,strong_pack,playful,question,geometry,solidAttributes,"On the sticker scene, find the solid described by this clue: one curved side and 2 flat circles.",audio-sp-solid-028.mp3,future/question/spatial/audio-sp-solid-028.mp3,question|spatial|g2SpatialSolidAttributes|solidAttributes
audio-sp-solid-029,question.spatial,strong_pack,playful,question,geometry,solidAttributes,"On the playroom grid, which solid matches this clue: looks like a party hat?",audio-sp-solid-029.mp3,future/question/spatial/audio-sp-solid-029.mp3,question|spatial|g2SpatialSolidAttributes|solidAttributes
audio-sp-solid-030,question.spatial,strong_pack,playful,question,geometry,solidAttributes,"On the mountain path, pick the 3D shape with this clue: looks like an Egyptian pyramid.",audio-sp-solid-030.mp3,future/question/spatial/audio-sp-solid-030.mp3,question|spatial|g2SpatialSolidAttributes|solidAttributes
audio-sp-solid-031,question.spatial,strong_pack,playful,question,geometry,solidAttributes,"On the beach board, which solid has this attribute: looks like a dice?",audio-sp-solid-031.mp3,future/question/spatial/audio-sp-solid-031.mp3,question|spatial|g2SpatialSolidAttributes|solidAttributes
audio-sp-solid-032,question.spatial,strong_pack,playful,question,geometry,solidAttributes,"On the forest map, find the solid described by this clue: a box shape with longer rectangle faces.",audio-sp-solid-032.mp3,future/question/spatial/audio-sp-solid-032.mp3,question|spatial|g2SpatialSolidAttributes|solidAttributes
audio-sp-solid-033,question.spatial,strong_pack,playful,question,geometry,solidAttributes,"On the classroom chart, which solid matches this clue: can roll in every direction?",audio-sp-solid-033.mp3,future/question/spatial/audio-sp-solid-033.mp3,question|spatial|g2SpatialSolidAttributes|solidAttributes
audio-sp-solid-034,question.spatial,strong_pack,playful,question,geometry,solidAttributes,"On the festival board, pick the 3D shape with this clue: looks like a can.",audio-sp-solid-034.mp3,future/question/spatial/audio-sp-solid-034.mp3,question|spatial|g2SpatialSolidAttributes|solidAttributes
audio-sp-solid-035,question.spatial,strong_pack,playful,question,geometry,solidAttributes,"On the star map, which solid has this attribute: 1 flat circle and 1 curved side?",audio-sp-solid-035.mp3,future/question/spatial/audio-sp-solid-035.mp3,question|spatial|g2SpatialSolidAttributes|solidAttributes
audio-sp-solid-036,question.spatial,strong_pack,playful,question,geometry,solidAttributes,"On the garden board, find the solid described by this clue: triangular faces and 1 square base.",audio-sp-solid-036.mp3,future/question/spatial/audio-sp-solid-036.mp3,question|spatial|g2SpatialSolidAttributes|solidAttributes
audio-sp-solid-037,question.spatial,strong_pack,playful,question,geometry,solidAttributes,"On the treasure path, which solid matches this clue: 6 equal square faces?",audio-sp-solid-037.mp3,future/question/spatial/audio-sp-solid-037.mp3,question|spatial|g2SpatialSolidAttributes|solidAttributes
audio-sp-solid-038,question.spatial,strong_pack,playful,question,geometry,solidAttributes,"On the reef picture, pick the 3D shape with this clue: rectangle faces like a cereal box.",audio-sp-solid-038.mp3,future/question/spatial/audio-sp-solid-038.mp3,question|spatial|g2SpatialSolidAttributes|solidAttributes
audio-sp-solid-039,question.spatial,strong_pack,playful,question,geometry,solidAttributes,"On the candy trail, which solid has this attribute: round all over?",audio-sp-solid-039.mp3,future/question/spatial/audio-sp-solid-039.mp3,question|spatial|g2SpatialSolidAttributes|solidAttributes
audio-sp-solid-040,question.spatial,strong_pack,playful,question,geometry,solidAttributes,"On the rocket panel, find the solid described by this clue: 2 circle faces.",audio-sp-solid-040.mp3,future/question/spatial/audio-sp-solid-040.mp3,question|spatial|g2SpatialSolidAttributes|solidAttributes
audio-sp-solid-041,question.spatial,strong_pack,playful,question,geometry,solidAttributes,"On the rainbow mat, which solid matches this clue: 1 point and 1 circle face?",audio-sp-solid-041.mp3,future/question/spatial/audio-sp-solid-041.mp3,question|spatial|g2SpatialSolidAttributes|solidAttributes
audio-sp-solid-042,question.spatial,strong_pack,playful,question,geometry,solidAttributes,"On the puzzle shelf, pick the 3D shape with this clue: 1 top point above a square base.",audio-sp-solid-042.mp3,future/question/spatial/audio-sp-solid-042.mp3,question|spatial|g2SpatialSolidAttributes|solidAttributes
audio-sp-solid-043,question.spatial,strong_pack,playful,question,geometry,solidAttributes,"On the number meadow, which solid has this attribute: only square faces?",audio-sp-solid-043.mp3,future/question/spatial/audio-sp-solid-043.mp3,question|spatial|g2SpatialSolidAttributes|solidAttributes
audio-sp-solid-044,question.spatial,strong_pack,playful,question,geometry,solidAttributes,"On the shape station, find the solid described by this clue: 6 flat faces that are not all squares.",audio-sp-solid-044.mp3,future/question/spatial/audio-sp-solid-044.mp3,question|spatial|g2SpatialSolidAttributes|solidAttributes
audio-sp-solid-045,question.spatial,strong_pack,playful,question,geometry,solidAttributes,"On the sticker scene, which solid matches this clue: no flat faces?",audio-sp-solid-045.mp3,future/question/spatial/audio-sp-solid-045.mp3,question|spatial|g2SpatialSolidAttributes|solidAttributes
audio-sp-solid-046,question.spatial,strong_pack,playful,question,geometry,solidAttributes,"On the playroom grid, pick the 3D shape with this clue: one curved side and 2 flat circles.",audio-sp-solid-046.mp3,future/question/spatial/audio-sp-solid-046.mp3,question|spatial|g2SpatialSolidAttributes|solidAttributes
audio-sp-solid-047,question.spatial,strong_pack,playful,question,geometry,solidAttributes,"On the mountain path, which solid has this attribute: looks like a party hat?",audio-sp-solid-047.mp3,future/question/spatial/audio-sp-solid-047.mp3,question|spatial|g2SpatialSolidAttributes|solidAttributes
audio-sp-solid-048,question.spatial,strong_pack,playful,question,geometry,solidAttributes,"On the beach board, find the solid described by this clue: looks like an Egyptian pyramid.",audio-sp-solid-048.mp3,future/question/spatial/audio-sp-solid-048.mp3,question|spatial|g2SpatialSolidAttributes|solidAttributes
audio-sp-solid-049,question.spatial,strong_pack,playful,question,geometry,solidAttributes,"On the forest map, which solid matches this clue: looks like a dice?",audio-sp-solid-049.mp3,future/question/spatial/audio-sp-solid-049.mp3,question|spatial|g2SpatialSolidAttributes|solidAttributes
audio-sp-solid-050,question.spatial,strong_pack,playful,question,geometry,solidAttributes,"On the classroom chart, pick the 3D shape with this clue: a box shape with longer rectangle faces.",audio-sp-solid-050.mp3,future/question/spatial/audio-sp-solid-050.mp3,question|spatial|g2SpatialSolidAttributes|solidAttributes
audio-sp-solid-051,question.spatial,strong_pack,playful,question,geometry,solidAttributes,"On the festival board, which solid has this attribute: can roll in every direction?",audio-sp-solid-051.mp3,future/question/spatial/audio-sp-solid-051.mp3,question|spatial|g2SpatialSolidAttributes|solidAttributes
audio-sp-solid-052,question.spatial,strong_pack,playful,question,geometry,solidAttributes,"On the star map, find the solid described by this clue: looks like a can.",audio-sp-solid-052.mp3,future/question/spatial/audio-sp-solid-052.mp3,question|spatial|g2SpatialSolidAttributes|solidAttributes
audio-sp-solid-053,question.spatial,strong_pack,playful,question,geometry,solidAttributes,"On the garden board, which solid matches this clue: 1 flat circle and 1 curved side?",audio-sp-solid-053.mp3,future/question/spatial/audio-sp-solid-053.mp3,question|spatial|g2SpatialSolidAttributes|solidAttributes
audio-sp-solid-054,question.spatial,strong_pack,playful,question,geometry,solidAttributes,"On the treasure path, pick the 3D shape with this clue: triangular faces and 1 square base.",audio-sp-solid-054.mp3,future/question/spatial/audio-sp-solid-054.mp3,question|spatial|g2SpatialSolidAttributes|solidAttributes
audio-sp-solid-055,question.spatial,strong_pack,playful,question,geometry,solidAttributes,"On the reef picture, which solid has this attribute: 6 equal square faces?",audio-sp-solid-055.mp3,future/question/spatial/audio-sp-solid-055.mp3,question|spatial|g2SpatialSolidAttributes|solidAttributes
audio-sp-solid-056,question.spatial,strong_pack,playful,question,geometry,solidAttributes,"On the candy trail, find the solid described by this clue: rectangle faces like a cereal box.",audio-sp-solid-056.mp3,future/question/spatial/audio-sp-solid-056.mp3,question|spatial|g2SpatialSolidAttributes|solidAttributes
audio-sp-solid-057,question.spatial,strong_pack,playful,question,geometry,solidAttributes,"On the rocket panel, which solid matches this clue: round all over?",audio-sp-solid-057.mp3,future/question/spatial/audio-sp-solid-057.mp3,question|spatial|g2SpatialSolidAttributes|solidAttributes
audio-sp-solid-058,question.spatial,strong_pack,playful,question,geometry,solidAttributes,"On the rainbow mat, pick the 3D shape with this clue: 2 circle faces.",audio-sp-solid-058.mp3,future/question/spatial/audio-sp-solid-058.mp3,question|spatial|g2SpatialSolidAttributes|solidAttributes
audio-sp-solid-059,question.spatial,strong_pack,playful,question,geometry,solidAttributes,"On the puzzle shelf, which solid has this attribute: 1 point and 1 circle face?",audio-sp-solid-059.mp3,future/question/spatial/audio-sp-solid-059.mp3,question|spatial|g2SpatialSolidAttributes|solidAttributes
audio-sp-solid-060,question.spatial,strong_pack,playful,question,geometry,solidAttributes,"On the number meadow, find the solid described by this clue: 1 top point above a square base.",audio-sp-solid-060.mp3,future/question/spatial/audio-sp-solid-060.mp3,question|spatial|g2SpatialSolidAttributes|solidAttributes
audio-sp-solid-061,question.spatial,strong_pack,playful,question,geometry,solidAttributes,"On the shape station, which solid matches this clue: only square faces?",audio-sp-solid-061.mp3,future/question/spatial/audio-sp-solid-061.mp3,question|spatial|g2SpatialSolidAttributes|solidAttributes
audio-sp-solid-062,question.spatial,strong_pack,playful,question,geometry,solidAttributes,"On the sticker scene, pick the 3D shape with this clue: 6 flat faces that are not all squares.",audio-sp-solid-062.mp3,future/question/spatial/audio-sp-solid-062.mp3,question|spatial|g2SpatialSolidAttributes|solidAttributes
audio-sp-solid-063,question.spatial,strong_pack,playful,question,geometry,solidAttributes,"On the playroom grid, which solid has this attribute: no flat faces?",audio-sp-solid-063.mp3,future/question/spatial/audio-sp-solid-063.mp3,question|spatial|g2SpatialSolidAttributes|solidAttributes
audio-sp-solid-064,question.spatial,strong_pack,playful,question,geometry,solidAttributes,"On the mountain path, find the solid described by this clue: one curved side and 2 flat circles.",audio-sp-solid-064.mp3,future/question/spatial/audio-sp-solid-064.mp3,question|spatial|g2SpatialSolidAttributes|solidAttributes
audio-sp-solid-065,question.spatial,strong_pack,playful,question,geometry,solidAttributes,"On the beach board, which solid matches this clue: looks like a party hat?",audio-sp-solid-065.mp3,future/question/spatial/audio-sp-solid-065.mp3,question|spatial|g2SpatialSolidAttributes|solidAttributes
audio-sp-solid-066,question.spatial,strong_pack,playful,question,geometry,solidAttributes,"On the forest map, pick the 3D shape with this clue: looks like an Egyptian pyramid.",audio-sp-solid-066.mp3,future/question/spatial/audio-sp-solid-066.mp3,question|spatial|g2SpatialSolidAttributes|solidAttributes
audio-sp-solid-067,question.spatial,strong_pack,playful,question,geometry,solidAttributes,"On the classroom chart, which solid has this attribute: looks like a dice?",audio-sp-solid-067.mp3,future/question/spatial/audio-sp-solid-067.mp3,question|spatial|g2SpatialSolidAttributes|solidAttributes
audio-sp-solid-068,question.spatial,strong_pack,playful,question,geometry,solidAttributes,"On the festival board, find the solid described by this clue: a box shape with longer rectangle faces.",audio-sp-solid-068.mp3,future/question/spatial/audio-sp-solid-068.mp3,question|spatial|g2SpatialSolidAttributes|solidAttributes
audio-sp-solid-069,question.spatial,strong_pack,playful,question,geometry,solidAttributes,"On the star map, which solid matches this clue: can roll in every direction?",audio-sp-solid-069.mp3,future/question/spatial/audio-sp-solid-069.mp3,question|spatial|g2SpatialSolidAttributes|solidAttributes
audio-sp-solid-070,question.spatial,strong_pack,playful,question,geometry,solidAttributes,"On the garden board, pick the 3D shape with this clue: looks like a can.",audio-sp-solid-070.mp3,future/question/spatial/audio-sp-solid-070.mp3,question|spatial|g2SpatialSolidAttributes|solidAttributes
audio-sp-solid-071,question.spatial,strong_pack,playful,question,geometry,solidAttributes,"On the treasure path, which solid has this attribute: 1 flat circle and 1 curved side?",audio-sp-solid-071.mp3,future/question/spatial/audio-sp-solid-071.mp3,question|spatial|g2SpatialSolidAttributes|solidAttributes
audio-sp-solid-072,question.spatial,strong_pack,playful,question,geometry,solidAttributes,"On the reef picture, find the solid described by this clue: triangular faces and 1 square base.",audio-sp-solid-072.mp3,future/question/spatial/audio-sp-solid-072.mp3,question|spatial|g2SpatialSolidAttributes|solidAttributes
audio-sp-solid-073,question.spatial,strong_pack,playful,question,geometry,solidAttributes,"On the candy trail, which solid matches this clue: 6 equal square faces?",audio-sp-solid-073.mp3,future/question/spatial/audio-sp-solid-073.mp3,question|spatial|g2SpatialSolidAttributes|solidAttributes
audio-sp-solid-074,question.spatial,strong_pack,playful,question,geometry,solidAttributes,"On the rocket panel, pick the 3D shape with this clue: rectangle faces like a cereal box.",audio-sp-solid-074.mp3,future/question/spatial/audio-sp-solid-074.mp3,question|spatial|g2SpatialSolidAttributes|solidAttributes
audio-sp-solid-075,question.spatial,strong_pack,playful,question,geometry,solidAttributes,"On the rainbow mat, which solid has this attribute: round all over?",audio-sp-solid-075.mp3,future/question/spatial/audio-sp-solid-075.mp3,question|spatial|g2SpatialSolidAttributes|solidAttributes
audio-sp-solid-076,question.spatial,strong_pack,playful,question,geometry,solidAttributes,"On the puzzle shelf, find the solid described by this clue: 2 circle faces.",audio-sp-solid-076.mp3,future/question/spatial/audio-sp-solid-076.mp3,question|spatial|g2SpatialSolidAttributes|solidAttributes
audio-sp-solid-077,question.spatial,strong_pack,playful,question,geometry,solidAttributes,"On the number meadow, which solid matches this clue: 1 point and 1 circle face?",audio-sp-solid-077.mp3,future/question/spatial/audio-sp-solid-077.mp3,question|spatial|g2SpatialSolidAttributes|solidAttributes
audio-sp-solid-078,question.spatial,strong_pack,playful,question,geometry,solidAttributes,"On the shape station, pick the 3D shape with this clue: 1 top point above a square base.",audio-sp-solid-078.mp3,future/question/spatial/audio-sp-solid-078.mp3,question|spatial|g2SpatialSolidAttributes|solidAttributes
audio-sp-solid-079,question.spatial,strong_pack,playful,question,geometry,solidAttributes,"On the sticker scene, which solid has this attribute: only square faces?",audio-sp-solid-079.mp3,future/question/spatial/audio-sp-solid-079.mp3,question|spatial|g2SpatialSolidAttributes|solidAttributes
audio-sp-solid-080,question.spatial,strong_pack,playful,question,geometry,solidAttributes,"On the playroom grid, find the solid described by this clue: 6 flat faces that are not all squares.",audio-sp-solid-080.mp3,future/question/spatial/audio-sp-solid-080.mp3,question|spatial|g2SpatialSolidAttributes|solidAttributes
audio-sp-net-001,question.spatial,strong_pack,playful,question,geometry,netPreview,"On the star map, which net can fold into a cube?",audio-sp-net-001.mp3,future/question/spatial/audio-sp-net-001.mp3,question|spatial|g4SpatialNetsPreview|netPreview
audio-sp-net-002,question.spatial,strong_pack,playful,question,geometry,netPreview,"On the garden board, pick the flat pattern that makes a cube.",audio-sp-net-002.mp3,future/question/spatial/audio-sp-net-002.mp3,question|spatial|g4SpatialNetsPreview|netPreview
audio-sp-net-003,question.spatial,strong_pack,playful,question,geometry,netPreview,"On the treasure path, which set of squares folds into a cube?",audio-sp-net-003.mp3,future/question/spatial/audio-sp-net-003.mp3,question|spatial|g4SpatialNetsPreview|netPreview
audio-sp-net-004,question.spatial,strong_pack,playful,question,geometry,netPreview,"On the reef picture, find the cube net.",audio-sp-net-004.mp3,future/question/spatial/audio-sp-net-004.mp3,question|spatial|g4SpatialNetsPreview|netPreview
audio-sp-net-005,question.spatial,strong_pack,playful,question,geometry,netPreview,"On the candy trail, which net can fold into a cube?",audio-sp-net-005.mp3,future/question/spatial/audio-sp-net-005.mp3,question|spatial|g4SpatialNetsPreview|netPreview
audio-sp-net-006,question.spatial,strong_pack,playful,question,geometry,netPreview,"On the rocket panel, pick the flat pattern that makes a cube.",audio-sp-net-006.mp3,future/question/spatial/audio-sp-net-006.mp3,question|spatial|g4SpatialNetsPreview|netPreview
audio-sp-net-007,question.spatial,strong_pack,playful,question,geometry,netPreview,"On the rainbow mat, which set of squares folds into a cube?",audio-sp-net-007.mp3,future/question/spatial/audio-sp-net-007.mp3,question|spatial|g4SpatialNetsPreview|netPreview
audio-sp-net-008,question.spatial,strong_pack,playful,question,geometry,netPreview,"On the puzzle shelf, find the cube net.",audio-sp-net-008.mp3,future/question/spatial/audio-sp-net-008.mp3,question|spatial|g4SpatialNetsPreview|netPreview
audio-sp-net-009,question.spatial,strong_pack,playful,question,geometry,netPreview,"On the number meadow, which net can fold into a cube?",audio-sp-net-009.mp3,future/question/spatial/audio-sp-net-009.mp3,question|spatial|g4SpatialNetsPreview|netPreview
audio-sp-net-010,question.spatial,strong_pack,playful,question,geometry,netPreview,"On the shape station, pick the flat pattern that makes a cube.",audio-sp-net-010.mp3,future/question/spatial/audio-sp-net-010.mp3,question|spatial|g4SpatialNetsPreview|netPreview
audio-sp-net-011,question.spatial,strong_pack,playful,question,geometry,netPreview,"On the sticker scene, which set of squares folds into a cube?",audio-sp-net-011.mp3,future/question/spatial/audio-sp-net-011.mp3,question|spatial|g4SpatialNetsPreview|netPreview
audio-sp-net-012,question.spatial,strong_pack,playful,question,geometry,netPreview,"On the playroom grid, find the cube net.",audio-sp-net-012.mp3,future/question/spatial/audio-sp-net-012.mp3,question|spatial|g4SpatialNetsPreview|netPreview
audio-sp-net-013,question.spatial,strong_pack,playful,question,geometry,netPreview,"On the mountain path, which net can fold into a cube?",audio-sp-net-013.mp3,future/question/spatial/audio-sp-net-013.mp3,question|spatial|g4SpatialNetsPreview|netPreview
audio-sp-net-014,question.spatial,strong_pack,playful,question,geometry,netPreview,"On the beach board, pick the flat pattern that makes a cube.",audio-sp-net-014.mp3,future/question/spatial/audio-sp-net-014.mp3,question|spatial|g4SpatialNetsPreview|netPreview
audio-sp-net-015,question.spatial,strong_pack,playful,question,geometry,netPreview,"On the forest map, which set of squares folds into a cube?",audio-sp-net-015.mp3,future/question/spatial/audio-sp-net-015.mp3,question|spatial|g4SpatialNetsPreview|netPreview
audio-sp-net-016,question.spatial,strong_pack,playful,question,geometry,netPreview,"On the classroom chart, find the cube net.",audio-sp-net-016.mp3,future/question/spatial/audio-sp-net-016.mp3,question|spatial|g4SpatialNetsPreview|netPreview
audio-sp-net-017,question.spatial,strong_pack,playful,question,geometry,netPreview,"On the festival board, which net can fold into a cube?",audio-sp-net-017.mp3,future/question/spatial/audio-sp-net-017.mp3,question|spatial|g4SpatialNetsPreview|netPreview
audio-sp-net-018,question.spatial,strong_pack,playful,question,geometry,netPreview,"On the star map, pick the flat pattern that makes a cube.",audio-sp-net-018.mp3,future/question/spatial/audio-sp-net-018.mp3,question|spatial|g4SpatialNetsPreview|netPreview
audio-sp-net-019,question.spatial,strong_pack,playful,question,geometry,netPreview,"On the garden board, which set of squares folds into a cube?",audio-sp-net-019.mp3,future/question/spatial/audio-sp-net-019.mp3,question|spatial|g4SpatialNetsPreview|netPreview
audio-sp-net-020,question.spatial,strong_pack,playful,question,geometry,netPreview,"On the treasure path, find the cube net.",audio-sp-net-020.mp3,future/question/spatial/audio-sp-net-020.mp3,question|spatial|g4SpatialNetsPreview|netPreview
audio-sp-net-021,question.spatial,strong_pack,playful,question,geometry,netPreview,"On the reef picture, which net can fold into a cube?",audio-sp-net-021.mp3,future/question/spatial/audio-sp-net-021.mp3,question|spatial|g4SpatialNetsPreview|netPreview
audio-sp-net-022,question.spatial,strong_pack,playful,question,geometry,netPreview,"On the candy trail, pick the flat pattern that makes a cube.",audio-sp-net-022.mp3,future/question/spatial/audio-sp-net-022.mp3,question|spatial|g4SpatialNetsPreview|netPreview
audio-sp-net-023,question.spatial,strong_pack,playful,question,geometry,netPreview,"On the rocket panel, which set of squares folds into a cube?",audio-sp-net-023.mp3,future/question/spatial/audio-sp-net-023.mp3,question|spatial|g4SpatialNetsPreview|netPreview
audio-sp-net-024,question.spatial,strong_pack,playful,question,geometry,netPreview,"On the rainbow mat, find the cube net.",audio-sp-net-024.mp3,future/question/spatial/audio-sp-net-024.mp3,question|spatial|g4SpatialNetsPreview|netPreview
audio-sp-net-025,question.spatial,strong_pack,playful,question,geometry,netPreview,"On the puzzle shelf, which net can fold into a cube?",audio-sp-net-025.mp3,future/question/spatial/audio-sp-net-025.mp3,question|spatial|g4SpatialNetsPreview|netPreview
audio-sp-net-026,question.spatial,strong_pack,playful,question,geometry,netPreview,"On the number meadow, pick the flat pattern that makes a cube.",audio-sp-net-026.mp3,future/question/spatial/audio-sp-net-026.mp3,question|spatial|g4SpatialNetsPreview|netPreview
audio-sp-net-027,question.spatial,strong_pack,playful,question,geometry,netPreview,"On the shape station, which set of squares folds into a cube?",audio-sp-net-027.mp3,future/question/spatial/audio-sp-net-027.mp3,question|spatial|g4SpatialNetsPreview|netPreview
audio-sp-net-028,question.spatial,strong_pack,playful,question,geometry,netPreview,"On the sticker scene, find the cube net.",audio-sp-net-028.mp3,future/question/spatial/audio-sp-net-028.mp3,question|spatial|g4SpatialNetsPreview|netPreview
audio-sp-net-029,question.spatial,strong_pack,playful,question,geometry,netPreview,"On the playroom grid, which net can fold into a cube?",audio-sp-net-029.mp3,future/question/spatial/audio-sp-net-029.mp3,question|spatial|g4SpatialNetsPreview|netPreview
audio-sp-net-030,question.spatial,strong_pack,playful,question,geometry,netPreview,"On the mountain path, pick the flat pattern that makes a cube.",audio-sp-net-030.mp3,future/question/spatial/audio-sp-net-030.mp3,question|spatial|g4SpatialNetsPreview|netPreview
audio-sp-net-031,question.spatial,strong_pack,playful,question,geometry,netPreview,"On the beach board, which set of squares folds into a cube?",audio-sp-net-031.mp3,future/question/spatial/audio-sp-net-031.mp3,question|spatial|g4SpatialNetsPreview|netPreview
audio-sp-net-032,question.spatial,strong_pack,playful,question,geometry,netPreview,"On the forest map, find the cube net.",audio-sp-net-032.mp3,future/question/spatial/audio-sp-net-032.mp3,question|spatial|g4SpatialNetsPreview|netPreview
audio-sp-net-033,question.spatial,strong_pack,playful,question,geometry,netPreview,"On the classroom chart, which net can fold into a cube?",audio-sp-net-033.mp3,future/question/spatial/audio-sp-net-033.mp3,question|spatial|g4SpatialNetsPreview|netPreview
audio-sp-net-034,question.spatial,strong_pack,playful,question,geometry,netPreview,"On the festival board, pick the flat pattern that makes a cube.",audio-sp-net-034.mp3,future/question/spatial/audio-sp-net-034.mp3,question|spatial|g4SpatialNetsPreview|netPreview
audio-sp-net-035,question.spatial,strong_pack,playful,question,geometry,netPreview,"On the star map, which set of squares folds into a cube?",audio-sp-net-035.mp3,future/question/spatial/audio-sp-net-035.mp3,question|spatial|g4SpatialNetsPreview|netPreview
audio-sp-net-036,question.spatial,strong_pack,playful,question,geometry,netPreview,"On the garden board, find the cube net.",audio-sp-net-036.mp3,future/question/spatial/audio-sp-net-036.mp3,question|spatial|g4SpatialNetsPreview|netPreview
audio-sp-net-037,question.spatial,strong_pack,playful,question,geometry,netPreview,"On the treasure path, which net can fold into a cube?",audio-sp-net-037.mp3,future/question/spatial/audio-sp-net-037.mp3,question|spatial|g4SpatialNetsPreview|netPreview
audio-sp-net-038,question.spatial,strong_pack,playful,question,geometry,netPreview,"On the reef picture, pick the flat pattern that makes a cube.",audio-sp-net-038.mp3,future/question/spatial/audio-sp-net-038.mp3,question|spatial|g4SpatialNetsPreview|netPreview
audio-sp-net-039,question.spatial,strong_pack,playful,question,geometry,netPreview,"On the candy trail, which set of squares folds into a cube?",audio-sp-net-039.mp3,future/question/spatial/audio-sp-net-039.mp3,question|spatial|g4SpatialNetsPreview|netPreview
audio-sp-net-040,question.spatial,strong_pack,playful,question,geometry,netPreview,"On the rocket panel, find the cube net.",audio-sp-net-040.mp3,future/question/spatial/audio-sp-net-040.mp3,question|spatial|g4SpatialNetsPreview|netPreview
system-audio-001,system,must_have,clear,system,any,,Audio is ready.,system-audio-001.mp3,future/system/system-audio-001.mp3,system
system-audio-002,system,must_have,clear,system,any,,Voice is muted.,system-audio-002.mp3,future/system/system-audio-002.mp3,system
system-audio-003,system,must_have,clear,system,any,,Voice is back on.,system-audio-003.mp3,future/system/system-audio-003.mp3,system
system-audio-004,system,must_have,clear,system,any,,I can read the next question.,system-audio-004.mp3,future/system/system-audio-004.mp3,system
system-audio-005,system,must_have,clear,system,any,,Tap the speaker to hear it again.,system-audio-005.mp3,future/system/system-audio-005.mp3,system
system-audio-006,system,must_have,clear,system,any,,"The recording is not available yet, so I will use the device voice.",system-audio-006.mp3,future/system/system-audio-006.mp3,system
system-audio-007,system,must_have,clear,system,any,,Let's try the playful voice.,system-audio-007.mp3,future/system/system-audio-007.mp3,system
system-audio-008,system,must_have,clear,system,any,,Let's try the calm voice.,system-audio-008.mp3,future/system/system-audio-008.mp3,system
system-audio-009,system,must_have,clear,system,any,,Let's try the energetic voice.,system-audio-009.mp3,future/system/system-audio-009.mp3,system
system-audio-010,system,must_have,clear,system,any,,Let's try the storyteller voice.,system-audio-010.mp3,future/system/system-audio-010.mp3,system
system-audio-011,system,must_have,clear,system,any,,Your helper voice is set.,system-audio-011.mp3,future/system/system-audio-011.mp3,system
system-audio-012,system,must_have,clear,system,any,,Narration is on.,system-audio-012.mp3,future/system/system-audio-012.mp3,system
system-audio-013,system,must_have,clear,system,any,,Narration is off.,system-audio-013.mp3,future/system/system-audio-013.mp3,system
system-audio-014,system,must_have,clear,system,any,,This question has a visual helper.,system-audio-014.mp3,future/system/system-audio-014.mp3,system
system-audio-015,system,must_have,clear,system,any,,This question has a strategy hint.,system-audio-015.mp3,future/system/system-audio-015.mp3,system
system-audio-016,system,must_have,clear,system,any,,This question has a worked step.,system-audio-016.mp3,future/system/system-audio-016.mp3,system
system-audio-017,system,must_have,clear,system,any,,Ready for the next one.,system-audio-017.mp3,future/system/system-audio-017.mp3,system
system-audio-018,system,must_have,clear,system,any,,Take your time.,system-audio-018.mp3,future/system/system-audio-018.mp3,system
system-audio-019,system,must_have,clear,system,any,,You can hear the question again.,system-audio-019.mp3,future/system/system-audio-019.mp3,system
system-audio-020,system,must_have,clear,system,any,,Settings saved.,system-audio-020.mp3,future/system/system-audio-020.mp3,system
